image_id,image_type,teds,teds_s,inference_time_s,pred_html,n_cells,table_type,error,bucket
fintab_000415,medium,0.8511,0.8936,0.529,"<table><thead><tr><th></th><th colspan=""2""></th><th></th></tr></thead><tbody><tr><td></td><td>Consumer</td><td>Aviation</td><td>Total</td></tr><tr><td>Net sales to external customers</td><td>S452,437</td><td>S120,552</td><td>$572,989</td></tr><tr><td>Allocated interest income</td><td>5,901</td><td>1,572</td><td>7,473</td></tr><tr><td>Allocated interest expense</td><td>422</td><td>112</td><td>534</td></tr><tr><td>Income before income taxes</td><td>182,701</td><td>43,242</td><td>225,943</td></tr><tr><td>Assets:</td><td></td><td></td><td></td></tr><tr><td>Accounts receivable</td><td>65,315</td><td>17,403</td><td>82,718</td></tr><tr><td>Inventories</td><td>76,429</td><td>20,365</td><td>96,794</td></tr></tbody></table>",29,normal,,E: >=0.8
fintab_001285,medium,0.3846,0.6538,0.233,"<table><thead><tr><th></th><th colspan=""3""></th></tr></thead><tbody><tr><td></td><td>2010</td><td>2009</td><td>2008</td></tr><tr><td></td><td></td><td>(In thousands)</td><td></td></tr><tr><td>Revenue from discontinued operations</td><td>S 656</td><td>8728</td><td>83,637</td></tr><tr><td>(Loss _ income from discontinued operations</td><td>S(280)</td><td>S195</td><td>S1,965</td></tr></tbody></table>",13,normal,,C: 0.3-0.5
fintab_001155,medium,0.5814,0.7674,0.402,"<table><thead><tr><th></th><th>Year Ended</th><th></th></tr></thead><tbody><tr><td></td><td>December 31,</td><td></td></tr><tr><td></td><td>2012</td><td>2011</td></tr><tr><td></td><td>(in thousands)</td><td></td></tr><tr><td>Beginning balance.</td><td>85,325 S</td><td>65,362</td></tr><tr><td>Net income</td><td>2,592</td><td>3,492</td></tr><tr><td>Distributions & Redemptions.</td><td>(6,985)</td><td>(3,020)</td></tr><tr><td>Contributions</td><td>19</td><td>10,064</td></tr><tr><td>Adjustment to redeemable noncontrolling interests.</td><td>13,469</td><td>9,427</td></tr><tr><td>Ending balance_</td><td>94,420 S</td><td>85,325</td></tr></tbody></table>",23,normal,,D: 0.5-0.8
fintab_000086,medium,0.7848,0.7848,0.946,"<table><thead><tr><th></th><th>NYSE</th><th></th><th>OSE</th><th></th></tr><tr><th></th><th colspan=""2"">Common Stock</th><th colspan=""2""></th></tr><tr><th></th><th>High</th><th>Low</th><th>High</th><th>Low</th></tr></thead><tbody><tr><td>2011</td><td></td><td></td><td></td><td></td></tr><tr><td>Fourth Quarter</td><td>$30.99</td><td>$18.70</td><td>168.00</td><td>111.60</td></tr><tr><td>Third Quarter</td><td>39.43</td><td>21.50</td><td>214.30</td><td>121.10</td></tr><tr><td>Second Quarter</td><td>42.30</td><td>32.68</td><td>232.60</td><td>180.00</td></tr><tr><td>First Quarter</td><td>49.99</td><td>40.26</td><td>293.10</td><td>226.30</td></tr><tr><td>2010</td><td></td><td></td><td></td><td></td></tr><tr><td>Fourth Quarter</td><td>$47.83</td><td>$30.87</td><td>284.70</td><td>180.50</td></tr><tr><td>Third Quarter</td><td>32.73</td><td>21.97</td><td>197.00</td><td>142.00</td></tr><tr><td>Second Quarter</td><td>38.12</td><td>22.55</td><td>225.50</td><td>146.50</td></tr><tr><td>First Quarter</td><td>33.93</td><td>24.14</td><td>205.10</td><td>142.00</td></tr></tbody></table>",50,nested_column,,D: 0.5-0.8
fintab_000981,medium,0.1034,0.4828,0.689,"<table><thead><tr><th></th><th>Fair Value_ Measurements</th><th>Using</th><th>Total Losses</th></tr><tr><th></th><th>Quoted Prices in Significant Other</th><th>Significant</th><th></th></tr><tr><th></th><th>Active Markets for Observable</th><th>Unobservable</th><th></th></tr></thead><tbody><tr><td></td><td>Identical Assets Inputs</td><td>Inputs</td><td>Year Ended</td></tr><tr><td>in millions)</td><td>(Level 1) (Level 2)</td><td>(Level 3) Total</td><td>December 34,.2008</td></tr><tr><td>Loans held for sale</td><td>S90</td><td>383 S473</td><td>(S523)</td></tr><tr><td>Commercial loans</td><td></td><td>512 512</td><td>(298)</td></tr><tr><td>Commercial mortgage loans</td><td></td><td>461 461</td><td>(186)</td></tr><tr><td>Commercial construction loans</td><td></td><td>743 743</td><td>(274)</td></tr><tr><td>Servicing rights_</td><td></td><td>496 496</td><td>(207)</td></tr><tr><td>Total</td><td>S90</td><td>2,595 S2,685</td><td>1,488)</td></tr></tbody></table>",34,nested_column,,B: <0.3
fintab_001138,medium,0.6579,0.8421,0.458,"<table><thead><tr><th></th><th colspan=""2"">Year Ended December 31,</th></tr></thead><tbody><tr><td></td><td>2015</td><td>2014</td></tr><tr><td></td><td>(In thousands)</td><td></td></tr><tr><td>Cash provided by operating activities _</td><td>S 359,835 S</td><td>346,130</td></tr><tr><td>Cash used in investing activities</td><td>(353,763)</td><td>(396,150)</td></tr><tr><td>Cash (used in) provided by financing activities.</td><td>(32,977)</td><td>9,044</td></tr><tr><td>Decrease in cash and cash equivalents.</td><td>(26,905)</td><td>(40,976)</td></tr><tr><td>Cash and cash equivalents, beginning of year</td><td>47,951</td><td>88,927</td></tr><tr><td>Cash and cash equivalents, end of year</td><td>21,046 S</td><td>47,951</td></tr></tbody></table>",22,normal,,D: 0.5-0.8
fintab_000306,medium,0.7059,0.7794,0.687,"<table><thead><tr><th></th><th></th><th>Fiscal Year Ended</th><th></th></tr></thead><tbody><tr><td></td><td>December 31,</td><td>January 2,</td><td>January 3,</td></tr><tr><td></td><td>2016</td><td>2016</td><td>2015</td></tr><tr><td>Net sales</td><td>100.0%</td><td>100.0%</td><td>100.0%</td></tr><tr><td>Cost of sales, including purchasing and</td><td></td><td></td><td></td></tr><tr><td>warehousing costs</td><td>55.5</td><td>54.6</td><td>54.8</td></tr><tr><td>Gross profit</td><td>44.5</td><td>45.4</td><td>45.2</td></tr><tr><td>Selling, general and administrative expenses</td><td>36.3</td><td>36.9</td><td>36.6</td></tr><tr><td>Operating income</td><td>8.2</td><td>8.5</td><td>8.7</td></tr><tr><td>Interest expense</td><td>(0.6)</td><td>(0.7)</td><td>(0.7)</td></tr><tr><td>Other; net</td><td>0.1</td><td>(0.1)</td><td>0.0</td></tr><tr><td>Provision for income taxes</td><td>2.9</td><td>2.9</td><td>2.9</td></tr><tr><td>Net income</td><td>4.8%</td><td>4.9%</td><td>5.0%</td></tr></tbody></table>",44,normal,,D: 0.5-0.8
fintab_000893,medium,0.7547,0.8868,0.704,<table><thead><tr><th></th><th></th><th>Years Ended December 31_</th><th></th></tr></thead><tbody><tr><td>(in millions)</td><td>2017</td><td>2016</td><td>2015</td></tr><tr><td>Net cash provided by (used in):</td><td></td><td></td><td></td></tr><tr><td>Operating activities</td><td>S 777.7</td><td>S 604.0</td><td>S 277.5</td></tr><tr><td>Investing activities</td><td>(81.1)</td><td>(65.9)</td><td>(354.4)</td></tr><tr><td>Net change in accounts payable - inventory financing</td><td>(84.0)</td><td>143.6</td><td>95.9</td></tr><tr><td>Other financing activities</td><td>(734.7)</td><td>(448.2)</td><td>(322.4)</td></tr><tr><td>Financing activities</td><td>(818.7)</td><td>(304.6)</td><td>(226.5)</td></tr><tr><td>Effect of exchange rate changes on cash and cash equivalents</td><td>2.6</td><td>(7.4)</td><td>(3.5)</td></tr><tr><td>Net (decrease _ increase in cash and cash equivalents</td><td>S (119.5)</td><td>S 226.1</td><td>S (306.9)</td></tr></tbody></table>,34,normal,,D: 0.5-0.8
fintab_000618,medium,0.6667,0.7407,0.234,"<table><thead><tr><th></th><th>December 31,</th><th>2015</th><th>December 31,2014</th><th></th></tr></thead><tbody><tr><td></td><td>LIBOR plus</td><td>ABR plus</td><td>LIBOR plus</td><td>ABR plus</td></tr><tr><td>Revolving Credit Facility _</td><td>1.00%</td><td>0.00%</td><td>1.00%</td><td>0.00%</td></tr><tr><td>Tranche A Term Loan</td><td>1.00%</td><td>0.00%/</td><td>1.00%</td><td>0.00%</td></tr></tbody></table>",17,normal,,D: 0.5-0.8
fintab_000005,medium,0.4324,0.7297,0.351,"<table><thead><tr><th></th><th colspan=""2"">December 31, 2017</th><th colspan=""2"">December 31, 2016</th></tr></thead><tbody><tr><td></td><td>Principal</td><td>Fair value</td><td>Principal</td><td>Fair value</td></tr><tr><td></td><td>balance</td><td>change</td><td>balance</td><td>change</td></tr><tr><td>Senior unsecured notes</td><td>S7,710,219</td><td>$(500,951)</td><td>$ 7,568,832</td><td>S(521,203)</td></tr><tr><td>Secured debt</td><td>1,749,958</td><td>(63,492)</td><td>2,489,276</td><td>(73,944)</td></tr><tr><td>Totals</td><td>S9,460,177</td><td>8(564,443)</td><td>S10,058,108</td><td>S(595,147)</td></tr></tbody></table>",25,normal,,C: 0.3-0.5
fintab_000159,medium,0.1467,0.5467,0.757,"<table><thead><tr><th></th><th>Gains/(Losses)</th><th></th><th>Gains/(Losses)</th><th>Gains/(Losses) Recognized Ineffective</th></tr><tr><th></th><th>Recognized</th><th>Reclassified</th><th>from AOCI into</th><th>Portion and Amount Excluded from</th></tr><tr><th></th><th>in OCL Effective Portion (c)</th><th>Income</th><th>Effective Portion (c</th><th>Effectiveness Testing</th></tr></thead><tbody><tr><td></td><td>September 25 September 26 ,</td><td>September 25 ,</td><td>September 26_</td><td>September 25, September 26,</td></tr><tr><td></td><td>2010 2009</td><td>2010 (a</td><td>2009 (b</td><td>Location 2010 2009</td></tr><tr><td>Cash flow hedges:</td><td></td><td></td><td></td><td></td></tr><tr><td>Foreign exchange</td><td></td><td></td><td></td><td>Other income</td></tr><tr><td>contracts</td><td>(267) S 338</td><td>115</td><td>370</td><td>and expense (175) $ (97)</td></tr><tr><td>Net investment hedges:</td><td></td><td></td><td></td><td></td></tr><tr><td>Foreign exchange</td><td></td><td></td><td></td><td>Other income</td></tr><tr><td>contracts</td><td>(41) (44)</td><td></td><td></td><td>and expense</td></tr><tr><td>Total</td><td>(308) 294</td><td>S 115</td><td>S 370</td><td>(174) 94</td></tr></tbody></table>",38,nested_column,,B: <0.3
fintab_000276,medium,0.2881,0.5932,0.484,"<table><thead><tr><th></th><th>December 30, December 34_</th><th></th><th></th><th>December 31,</th><th>January 3,</th><th></th></tr></thead><tbody><tr><td></td><td>2017 2016</td><td></td><td></td><td>2016</td><td>2016</td><td></td></tr><tr><td></td><td>(52 weeks) (52 weeks)</td><td>%</td><td>Change</td><td>(52 weeks)</td><td>(53 weeks)</td><td>% Change</td></tr><tr><td></td><td>(in millions)</td><td></td><td></td><td>(in millions)</td><td></td><td></td></tr><tr><td>Net sales</td><td>26,232 S 26,487</td><td></td><td>(1.0)% S</td><td>26,487</td><td>S 18,338</td><td>44.4 %</td></tr><tr><td>Pro forma net sales(a)</td><td>26,232 26,487</td><td></td><td>(1.0)%</td><td>26,487</td><td>27,447</td><td>(3.5)%</td></tr><tr><td>Organic Net Sales(b)</td><td>26,169 26,432</td><td></td><td>(1.0)%</td><td>26,817</td><td>26,728</td><td>03</td></tr></tbody></table>",32,normal,,B: <0.3
fintab_000753,medium,0.0568,0.1364,1.003,"<table><thead><tr><th></th><th></th><th>April 2016</th><th>December 2016</th></tr></thead><tbody><tr><td>2013 Credit Facilities</td><td>2014 Credit Facilities</td><td>Credit Facilities</td><td>Credit Facilities</td></tr><tr><td>Frequency of Appraisals Annual</td><td>Annual</td><td>Annual</td><td>Annual</td></tr><tr><td>of Appraised Collateral</td><td></td><td></td><td></td></tr><tr><td>1.6x Collateral</td><td>1.6x Collateral valuation</td><td>1.6x Collateral valuation</td><td>1.6x Collateral valuation</td></tr><tr><td>LTV Requirement valuation to amount of</td><td>to amount of debt</td><td>to amount of debt</td><td>to amount of debt</td></tr><tr><td>debt outstanding (62.5%</td><td>outstanding (62.5% LTV)</td><td>outstanding (62.5% LTV)</td><td>outstanding (62.5% LTV)</td></tr><tr><td>LTV)</td><td></td><td></td><td></td></tr><tr><td>LTV as of Last Measurement Date 33.9%</td><td>23.1%</td><td>42.7%</td><td>59.0%</td></tr><tr><td>Generally , certain slots</td><td>Generally , certain slots ,</td><td></td><td>Generally , certain Ronald</td></tr><tr><td>route authorities and</td><td>route authorities and</td><td></td><td>Reagan Washington</td></tr><tr><td>airport gate leasehold</td><td>airport gate leasehold</td><td></td><td>National Airport (DCA)</td></tr><tr><td>Collateral Description rights used by American</td><td>rights used by American</td><td>Generally , certain spare</td><td>slots , certain La Guardia</td></tr><tr><td>to operate all services</td><td>to operate certain</td><td>parts</td><td>Airport (LGA) slots ,</td></tr><tr><td>between the U.S. and</td><td>services between the</td><td></td><td>certain simulators and</td></tr><tr><td>South America</td><td>U.S_ and London</td><td></td><td>certain leasehold rights</td></tr><tr><td></td><td>Heathrow</td><td></td><td></td></tr></tbody></table>",52,normal,,B: <0.3
fintab_000455,extreme,0.6754,0.8158,1.067,"<table><thead><tr><th></th><th></th><th colspan=""2"">Year Ended December 31,</th><th></th><th></th><th></th></tr></thead><tbody><tr><td></td><td>2017</td><td></td><td>2016</td><td></td><td>Change in</td><td></td></tr><tr><td></td><td></td><td>% of</td><td></td><td>% of</td><td></td><td></td></tr><tr><td></td><td>S</td><td>Revenue</td><td>$</td><td>Revenue</td><td>S</td><td></td></tr><tr><td>Revenue</td><td></td><td></td><td></td><td></td><td></td><td></td></tr><tr><td>Product</td><td>1,432,810</td><td>87.0% S</td><td>991,337</td><td>87.8% S</td><td>441,473</td><td>44.5%</td></tr><tr><td>Service</td><td>213,376</td><td>13.0</td><td>137,830</td><td>12.2</td><td>75,546</td><td>54.8</td></tr><tr><td>Total revenue</td><td>1,646,186</td><td>100.0</td><td>1,129,167</td><td>100.0</td><td>517,019</td><td>45.8</td></tr><tr><td>Cost of revenue</td><td></td><td></td><td></td><td></td><td></td><td></td></tr><tr><td>Product</td><td>538,035</td><td>32.7</td><td>369,768</td><td>32.8</td><td>168,267</td><td>45.5</td></tr><tr><td>Service</td><td>46,382</td><td>2.8</td><td>36,283</td><td>3.2</td><td>10,099</td><td>27.8</td></tr><tr><td>Total cost of revenue</td><td>584,417</td><td>35.5</td><td>406,051</td><td>36.0</td><td>178,366</td><td>43.9</td></tr><tr><td>Gross profit</td><td>$ 1,061,769</td><td>64.5% S</td><td>723,116</td><td>64.0% S</td><td>338,653</td><td>46.8%/</td></tr><tr><td>Gross margin</td><td>64.5%</td><td></td><td>64.0%</td><td></td><td></td><td></td></tr></tbody></table>",65,normal,,D: 0.5-0.8
fintab_000340,medium,0.098,0.5034,4.811,"<table><thead><tr><th></th><th></th><th>Accumulated</th></tr><tr><th></th><th>Additional</th><th>Other</th></tr><tr><th></th><th>Common Stock Paid-In Retained</th><th>Comprehensive</th></tr></thead><tbody><tr><td></td><td>Shares Dollars Capital Earnings_</td><td>Gain/(Loss) Total</td></tr><tr><td>Balance at December 31,2005</td><td>216,134 S1,0S1 S96,242 S1,072,454</td><td>(S12,513) S1,157,264</td></tr><tr><td>Net income</td><td>514,123</td><td>514,123</td></tr><tr><td>Translation adjustment</td><td></td><td>7,525 7,525</td></tr><tr><td>Adjustment related to unrealized</td><td></td><td></td></tr><tr><td>gains (losses) on available-for-sale</td><td></td><td></td></tr><tr><td>securities, net of income tax effects</td><td></td><td></td></tr><tr><td>of S355</td><td></td><td>(287) (287)</td></tr><tr><td>Comprehensive income</td><td></td><td>521,361</td></tr><tr><td>Dividends paid</td><td>(107,923)</td><td>(107,923)</td></tr><tr><td>Tax benefit from exercise of employee</td><td></td><td></td></tr><tr><td>stock options</td><td>9,660</td><td>9,660</td></tr><tr><td>Issuance of common stock from</td><td></td><td></td></tr><tr><td>exercise of stock options</td><td>994 12,499</td><td>12,505</td></tr><tr><td>Stock appreciation rights</td><td>11,913</td><td>11,913</td></tr><tr><td>Purchasc and retirement of</td><td></td><td></td></tr><tr><td>common stock</td><td>(1,155) (50,444)</td><td>(50,450)</td></tr><tr><td>Issuance of common stock through</td><td></td><td></td></tr><tr><td>stock purchase plan</td><td>125 3,568</td><td>3,569</td></tr><tr><td>Balance at December 30, 2006</td><td>216,098 S1,082 S83,438 S1,478,654</td><td>(85,275) S1,557,899</td></tr><tr><td>Net income</td><td>855,011</td><td>855,011</td></tr><tr><td>Translation adjustment</td><td></td><td>992 992</td></tr><tr><td>Adjustment related to unrealized</td><td></td><td></td></tr><tr><td>gains (losses) on available-for-sale</td><td></td><td></td></tr><tr><td>securities, net of income tax effects</td><td></td><td></td></tr><tr><td>of S31</td><td></td><td>50,413 50,413</td></tr><tr><td>Comprehensive income</td><td></td><td>906,415</td></tr><tr><td>Dividends paid</td><td>(162,531)</td><td>(162,531)</td></tr><tr><td>Tax benefit from exercise of employee</td><td></td><td></td></tr><tr><td>stock options</td><td>17,434</td><td>17,434</td></tr><tr><td>Issuance of common stock from</td><td></td><td></td></tr><tr><td>exercise of stock options</td><td>819 11,278</td><td>11,282</td></tr><tr><td>Stock appreciation rights</td><td>22,164</td><td>22,164</td></tr><tr><td>Purchase and retirement of</td><td></td><td></td></tr><tr><td>common stock</td><td>(57) (7,780)</td><td>(7,780)</td></tr><tr><td>Issuance of common stock through</td><td></td><td></td></tr><tr><td>stock purchase plan</td><td>120 5,730</td><td>5,730</td></tr><tr><td>Balance at December 29, 2007</td><td>216,980 S1,086 S132,264 S2,171,134</td><td>S46,130 S2,350,614</td></tr><tr><td>Net income</td><td>732,848</td><td>732,848</td></tr><tr><td>Translation adjustment</td><td>(3,053) (1,595)</td><td>(14,991) (19,639)</td></tr><tr><td>Adjustment related to unrealized</td><td></td><td></td></tr><tr><td>gains (losses) on available-for-sale</td><td></td><td></td></tr><tr><td>securities, net of income tax effects</td><td></td><td></td></tr><tr><td>0f S122</td><td></td><td>(68,790) (68,790)</td></tr><tr><td>Comprehensive income</td><td></td><td>644,419</td></tr><tr><td>Dividends paid</td><td>(150,251)</td><td>(150,251)</td></tr><tr><td>Tax benefit from exercise of employee</td><td></td><td></td></tr><tr><td>stock options</td><td>2,143</td><td>2,143</td></tr><tr><td>Issuance of common stock from</td><td></td><td></td></tr><tr><td>exercise of stock options</td><td>158 2,873</td><td>2,875</td></tr><tr><td>Stock appreciation rights</td><td>38,872</td><td>38,872</td></tr><tr><td>Purchase and retirement of</td><td></td><td></td></tr><tr><td>common stock</td><td>(17,138) (86) (182,128) (489,633)</td><td>(671,847)</td></tr><tr><td>Issuance of common stock through</td><td></td><td></td></tr><tr><td>stock purchase plan</td><td>363 9.029</td><td>9.029</td></tr><tr><td>Balance at December 27 , 2008</td><td>200,363 S1,002 S S2,262,503</td><td>(537,651) S2,225,854</td></tr></tbody></table>",122,nested_column,,B: <0.3
fintab_001020,medium,0.0391,0.4134,2.94,"<table><thead><tr><th></th><th>Asset derivatives Liability derivatives</th></tr></thead><tbody><tr><td></td><td>December 31, December 31,</td></tr><tr><td></td><td>2015 2014 2015 2014</td></tr><tr><td>Location</td><td>Fair value Fair value</td></tr><tr><td>Derivatives designated as</td><td></td></tr><tr><td>hedging contracts</td><td></td></tr><tr><td>Natural gas and crude derivative Fair value of derivative contracts/</td><td></td></tr><tr><td>contracts (Other current liabilities)</td><td>S 359 S 309 S (13) S (34)</td></tr><tr><td>Deferred charges and other assets/</td><td></td></tr><tr><td>(Other long-term liabilities and</td><td></td></tr><tr><td>deferred credits)</td><td>244</td></tr><tr><td>Subtotal</td><td>603 315 (13) (34)</td></tr><tr><td>Fair value of derivative contractsl</td><td></td></tr><tr><td>Interest rate swap agreements (Other current liabilities)</td><td>111 143</td></tr><tr><td>Deferred charges and other assets</td><td></td></tr><tr><td>(Other long-term liabilities and</td><td></td></tr><tr><td>deferred credits)</td><td>273 260 53)</td></tr><tr><td>Subtotal</td><td>384 403 53)</td></tr><tr><td>Fair value of derivative contracts/</td><td></td></tr><tr><td>Cross-currency swap agreements (Other current liabilities)</td><td></td></tr><tr><td>Deferred charges and other assets</td><td></td></tr><tr><td>(Other long-term liabilities and</td><td></td></tr><tr><td>deferred credits)</td><td>(46)</td></tr><tr><td>Subtotal</td><td>(52)</td></tr><tr><td>Total</td><td>987 718 (74) 87)</td></tr><tr><td>Derivatives not designated as</td><td></td></tr><tr><td>hedging contracts</td><td></td></tr><tr><td>Natural gas, crude, NGL and other Fair value of derivative contracts/</td><td></td></tr><tr><td>derivative contracts (Other current liabilities)</td><td>35 73 (2)</td></tr><tr><td>Deferred charges and other assets/</td><td></td></tr><tr><td>(Other long-term liabilities and</td><td></td></tr><tr><td>deferred credits)</td><td>196</td></tr><tr><td>Subtotal</td><td>35 269 @</td></tr><tr><td>Fair value of derivative contracts/</td><td></td></tr><tr><td>Interest rate swap agreements (Other current liabilities)</td><td>(11)</td></tr><tr><td>Deferred charges and other assetsr</td><td></td></tr><tr><td>(Other long-term liabilities and</td><td></td></tr><tr><td>deferred credits)</td><td></td></tr><tr><td>Subtotal</td><td>(16)</td></tr><tr><td>Fair value of derivative contracts/</td><td></td></tr><tr><td>Power derivative contracts (Other current liabilities)</td><td>10 (17) (57)</td></tr><tr><td>Deferred charges and other assets/</td><td></td></tr><tr><td>(Other long-term liabilities and</td><td></td></tr><tr><td>deferred credits)</td><td>(16)</td></tr><tr><td>Subtotal</td><td>10 (17) (73)</td></tr><tr><td>Total</td><td>37 279 (34) (75)</td></tr><tr><td>Total derivatives</td><td>S 1,024 S 997   $ (108) S (162)</td></tr></tbody></table>",67,normal,,B: <0.3
fintab_000348,medium,0.4062,0.8281,0.587,"<table><thead><tr><th></th><th>Fiscal year ended December 29, 2007</th><th colspan=""3"">Fiscal year</th><th></th><th></th></tr></thead><tbody><tr><td>Research &</td><td></td><td>Research &</td><td></td><td></td><td>Year over Year</td><td></td></tr><tr><td>Development</td><td>of Revenues</td><td>Development</td><td colspan=""2"">% of Revenues</td><td>Change</td><td>% Change</td></tr><tr><td>Outdoor/Fitness S23,302</td><td>6.9%</td><td>S16,697</td><td></td><td>5.9%1</td><td>S6,605</td><td>39.6%</td></tr><tr><td>Marine 16,879</td><td>8.3%</td><td>13,121</td><td></td><td>7.9%</td><td>3,758</td><td>28.6%</td></tr><tr><td>Automotive/Mobile 59,390</td><td>2.5%</td><td>37,125</td><td></td><td>3.4%1</td><td>22,265</td><td>60.0%</td></tr><tr><td>Aviation 59.835</td><td>20.3%</td><td>46,371</td><td></td><td>19.9%1</td><td>13,464</td><td>29.0%</td></tr><tr><td>Total S159,406</td><td>5.0%</td><td>S113,314</td><td></td><td>6.4%1</td><td>S46,092</td><td>40.7%</td></tr></tbody></table>",43,normal,,C: 0.3-0.5
fintab_000894,medium,0.4318,0.6591,0.41,"<table><thead><tr><th></th><th></th><th></th><th>Years Ended December 31_</th><th></th></tr></thead><tbody><tr><td></td><td></td><td>2017</td><td>2016</td><td>2015</td></tr><tr><td>Net income</td><td></td><td>S 523.0 S</td><td>424.4 S</td><td>403.1</td></tr><tr><td>Foreign currency translation,</td><td>net()</td><td>43.5</td><td>(78.5)</td><td>(44.5)</td></tr><tr><td>Unrealized gain</td><td>from hedge accounting; net(2)</td><td>0.2</td><td></td><td></td></tr><tr><td colspan=""2"">Other comprehensive income (loss), net of tax</td><td>43.7</td><td>(78.5)</td><td>(44.5)</td></tr><tr><td>Comprehensive income</td><td></td><td>566.7 S</td><td>345.9 S</td><td>358.6</td></tr></tbody></table>",24,normal,,C: 0.3-0.5
fintab_001236,extreme,0.6164,0.8356,0.677,"<table><thead><tr><th></th><th>2009</th><th>2008</th><th>2007</th><th>2006</th><th>2005</th></tr></thead><tbody><tr><td></td><td></td><td></td><td>(In thousands)</td><td></td><td></td></tr><tr><td>Net income attributable to the Trust</td><td>$ 98,304</td><td>S129,787</td><td>S195,537</td><td>S18,712</td><td>8114,612</td></tr><tr><td>Depreciation and amortization</td><td>115,093</td><td>111,068</td><td>105,966</td><td>97,879</td><td>91,503</td></tr><tr><td>Interest expense</td><td>108,781</td><td>99,163</td><td>117,394</td><td>102,808</td><td>88,566</td></tr><tr><td>Early extinguishment of debt</td><td>2,639</td><td></td><td></td><td></td><td></td></tr><tr><td>Other interest income</td><td>(1,894)</td><td>(919</td><td>(1,337)</td><td>(2,616)</td><td>(2,216)</td></tr><tr><td>EBITDA</td><td>322,923</td><td>339,099</td><td>417,560</td><td>316,783</td><td>292,465</td></tr><tr><td>Gain on sale of real estate</td><td>(1,298)</td><td>(12,572)</td><td>(94,768)</td><td>(23,956)</td><td>(30,748)</td></tr><tr><td>Adjusted EBITDA</td><td>S321,625</td><td>S326,527</td><td>S322,792</td><td>S292,827</td><td>$261,717</td></tr></tbody></table>",50,normal,,D: 0.5-0.8
fintab_000715,extreme,0.4863,0.918,2.307,"<table><thead><tr><th></th><th></th><th>Year Ended</th><th>December 31-</th><th></th><th></th></tr></thead><tbody><tr><td></td><td>2015</td><td>20014</td><td>2013</td><td>2012</td><td>2011</td></tr><tr><td></td><td></td><td colspan=""3""></td><td></td></tr><tr><td>Consolidated Statements of Operations data:</td><td></td><td></td><td></td><td></td><td></td></tr><tr><td>Total operating revenues</td><td>S 40.990</td><td>$ 42,650</td><td>$ 26,743</td><td>S 24.855</td><td>S 23,979</td></tr><tr><td>Total operating expenses</td><td>34.786</td><td>38.401</td><td>25.344</td><td>24.707</td><td>25.016</td></tr><tr><td>Operating income (loss)</td><td>6,204</td><td>4,249</td><td>1,399</td><td>148</td><td>(1,037)</td></tr><tr><td>Reorganization items_ nct ([)</td><td></td><td></td><td>(2,655)</td><td>(2.208)</td><td>(118)</td></tr><tr><td>Net income (loss</td><td>7.610</td><td>2,882</td><td>(1,834)</td><td>S (1.876)</td><td>(1.979)</td></tr><tr><td>Eamings (loss) per common share:</td><td></td><td></td><td></td><td></td><td></td></tr><tr><td>Basic</td><td>11.39</td><td>4.02</td><td>(6.54)</td><td>(7.52)</td><td>(7.95)</td></tr><tr><td>Diluted</td><td>11.07</td><td>3.93</td><td>(6.54)</td><td>(7.52)</td><td>(7.95)</td></tr><tr><td>Shares used for computation (in thousands):</td><td></td><td></td><td></td><td></td><td></td></tr><tr><td>Basic</td><td>668.393</td><td>717,456</td><td>280,213</td><td>249.490</td><td>249,000</td></tr><tr><td>Diluted</td><td>687.355</td><td>734.016</td><td>280.213</td><td>249.490</td><td>249.0uu</td></tr><tr><td>Cash dividends declared per common share</td><td>0.40</td><td>0.20</td><td></td><td></td><td></td></tr><tr><td>Consolidated Balance Shect data (at end of period):</td><td></td><td></td><td></td><td></td><td></td></tr><tr><td>Total assets</td><td>S 48.415</td><td>S 43.225</td><td>$ 41.741</td><td>S 23.396</td><td>S 23.719</td></tr><tr><td>Long-ter debt and capital leases_ net of current maturities</td><td>18.330</td><td>16,043</td><td>15,212</td><td>7,019</td><td>6,592</td></tr><tr><td>Pension and postretirement benefits (2)</td><td>7.450</td><td>7,562</td><td>5,828</td><td>6.780</td><td>9,204</td></tr><tr><td>Mandatorily convertible preferred stock and other bankruptcy settlement obligations</td><td>193</td><td>325</td><td>5.928</td><td></td><td></td></tr><tr><td>Liabilities subject to compromise</td><td></td><td></td><td></td><td>606</td><td>4.843</td></tr><tr><td>Stockholders' equity (deficit)</td><td>5,635</td><td>2,02 [</td><td>(2,731)</td><td>(7,987)</td><td>(7,H1)</td></tr><tr><td>Consolidated Statements of Operations data excluding special items 3) (Unaudited):</td><td></td><td></td><td></td><td></td><td></td></tr><tr><td>Operating income (loss) excluding special items</td><td>7.284</td><td>5,073</td><td>1,935</td><td>535</td><td>(238)</td></tr><tr><td>Net income (loss) excluding special items</td><td>6,269</td><td>4,184</td><td>1,244</td><td>(130)</td><td>062)</td></tr></tbody></table>",111,normal,,C: 0.3-0.5
fintab_000861,medium,0.8506,0.9425,1.209,"<table><thead><tr><th></th><th>December 31_</th><th></th></tr></thead><tbody><tr><td>(in millions)</td><td>2015</td><td>2014</td></tr><tr><td>Deferred tax assets:</td><td></td><td></td></tr><tr><td>Deferred interest</td><td>S 25.0</td><td>S 32.9</td></tr><tr><td>State net operating loss and credit carryforwards, net</td><td>14.1</td><td>18.8</td></tr><tr><td>Payroll and benefits</td><td>21.2</td><td>27.0</td></tr><tr><td>Rent</td><td>10.8</td><td>5.5</td></tr><tr><td>Accounts receivable</td><td>6.4</td><td>6.3</td></tr><tr><td>Equity compensation plans</td><td>17.0</td><td>6.5</td></tr><tr><td>Trade credits</td><td>13</td><td>1.5</td></tr><tr><td>Other</td><td>5.9</td><td>5.0</td></tr><tr><td>Total deferred tax assets</td><td>101.9</td><td>103.5</td></tr><tr><td>Deferred tax liabilities:</td><td></td><td></td></tr><tr><td>Software and intangibles</td><td>411.0</td><td>425.3</td></tr><tr><td>Deferred income</td><td>87.3</td><td>116.2</td></tr><tr><td>Property and equipment</td><td>30.6</td><td>22.5</td></tr><tr><td>International investments</td><td>30.4</td><td></td></tr><tr><td>Other</td><td>17.3</td><td>15.3</td></tr><tr><td>Total deferred tax liabilities</td><td>576.6</td><td>579.3</td></tr><tr><td>Deferred tax asset valuation allowance</td><td></td><td></td></tr><tr><td>Net deferred tax liabilities</td><td>S 474.7</td><td>S 475.8</td></tr></tbody></table>",54,normal,,E: >=0.8
fintab_000071,medium,0.8789,0.9552,4.288,"<table><thead><tr><th></th><th></th><th>Year Ended December 31,</th><th></th></tr></thead><tbody><tr><td></td><td>2017</td><td>2016</td><td>2015</td></tr><tr><td></td><td></td><td>(in thousands)</td><td></td></tr><tr><td>Operating Activities</td><td></td><td></td><td></td></tr><tr><td>Net income</td><td>1,625,133 S</td><td>1,283,388 S</td><td>665,783</td></tr><tr><td>Adjustments:</td><td></td><td></td><td></td></tr><tr><td>Depreciation and amortization</td><td>951,194</td><td>894,915</td><td>827,008</td></tr><tr><td>Impairment of Pullmantur related assets</td><td></td><td></td><td>411,267</td></tr><tr><td>Net deferred income tax expense (benefit)</td><td>1,730</td><td>2,608</td><td>(10,001)</td></tr><tr><td>Share-based compensation expense</td><td>69,459</td><td>32,659</td><td>36,073</td></tr><tr><td>Equity investment income</td><td>(156,247)</td><td>128,350)</td><td>(81,026)</td></tr><tr><td>Amortization of debt issuance costs</td><td>45,943</td><td>52,795</td><td>52,153</td></tr><tr><td>Gain on sale of property and equipment</td><td>(30,902)</td><td></td><td></td></tr><tr><td>(Gain) loss on derivative instruments not designated as</td><td>hedges (61,704)</td><td>45,670</td><td>59,162</td></tr><tr><td>Changes in operating assets and liabilities:</td><td></td><td></td><td></td></tr><tr><td>(Increase) decrease in trade and other receivables, net</td><td>(32,043)</td><td>4,759</td><td>63,102</td></tr><tr><td>Decrease (increase) in inventories</td><td>2,424</td><td>(1,679)</td><td>1,197</td></tr><tr><td>Decrease (increase) in prepaid expenses and other assets</td><td>20,859</td><td>11,519</td><td>(2,262)</td></tr><tr><td>Increase (decrease) in accounts payable</td><td>36,780</td><td>29,564</td><td>(25,278)</td></tr><tr><td>Increase (decrease) in accrued interest</td><td>1,303</td><td>7,841</td><td>(10,749)</td></tr><tr><td>Increase in accrued expenses and other liabilities</td><td>34,215</td><td>20,718</td><td>33,859</td></tr><tr><td>Increase (decrease) in customer deposits</td><td>274,705</td><td>188,632</td><td>(92,849)</td></tr><tr><td>Dividends received from unconsolidated affiliates</td><td>109,677</td><td>75,942</td><td>33,338</td></tr><tr><td>Other; net</td><td>(17,960)</td><td>(4,291)</td><td>(14,411)</td></tr><tr><td>Net cash provided by operating activities</td><td>2,874,566</td><td>2,516,690</td><td>1,946,366</td></tr><tr><td>Investing Activities</td><td></td><td></td><td></td></tr><tr><td>Purchases of property and equipment</td><td>(564,138)</td><td>(2,494,363)</td><td>(1,613,340)</td></tr><tr><td>Cash received (paid) on settlement of derivative financial instruments</td><td>63,224</td><td>(213,202)</td><td>(178,597)</td></tr><tr><td>Investments in and loans to unconsolidated affiliates</td><td>(10,396)</td><td>(9,155)</td><td>(56,163)</td></tr><tr><td>Cash received on loans to unconsolidated affiliates</td><td>62,303</td><td>38,213</td><td>124,253</td></tr><tr><td>Proceeds from sale of property and equipment</td><td>230,000</td><td></td><td></td></tr><tr><td>Other; net ()</td><td>5,415</td><td>(46,385)</td><td>(19,128)</td></tr><tr><td>Net cash used in investing activities</td><td>(213,592)</td><td>(2,724,892)</td><td>(1,742,975)</td></tr><tr><td>Financing Activities</td><td></td><td></td><td></td></tr><tr><td>Debt proceeds</td><td>5,866,966</td><td>7,338,560</td><td>4,399,501</td></tr><tr><td>Debt issuance costs</td><td>(51,590)</td><td>(88,241)</td><td>(68,020)</td></tr><tr><td>Repayments of debt</td><td>(7,835,087)</td><td>(6,365,570)</td><td>(4,118,553)</td></tr><tr><td>Purchase of treasury stock</td><td>(224,998)</td><td>(299,960)</td><td>(200,000)</td></tr><tr><td>Dividends paid</td><td>(437,455)</td><td>(346,487)</td><td>(280,212)</td></tr><tr><td>Proceeds from exercise of common stock options</td><td>2,525</td><td>2,258</td><td>11,252</td></tr><tr><td>Other; net</td><td>3,843</td><td>3,249</td><td>2,520</td></tr><tr><td>Net cash (used in) provided by financing activities</td><td>(2,675,796)</td><td>243,809</td><td>(253,512)</td></tr><tr><td>Effect of exchange rate changes on cash</td><td>2,331</td><td>(24,569)</td><td>(17,555)</td></tr><tr><td>Net decrease) increase in cash and cash equivalents</td><td>12,491)</td><td>11,038</td><td>(67,676)</td></tr></tbody></table>",148,normal,,E: >=0.8
fintab_001204,medium,0.6962,0.8861,1.048,"<table><thead><tr><th></th><th colspan=""3""></th></tr></thead><tbody><tr><td></td><td>2007</td><td>2006</td><td>2005</td></tr><tr><td></td><td colspan=""3""></td></tr><tr><td>Net income</td><td>8195,537</td><td>S118,712</td><td>S114,612</td></tr><tr><td>Gain on sale of real estate</td><td>(94,768)</td><td>(23,956)</td><td>(30,748)</td></tr><tr><td>Depreciation and amortization of real estate assets</td><td>95,565</td><td>88,649</td><td>82,752</td></tr><tr><td>Amorlizalion ol initial direcl costs of leases</td><td>8,473</td><td>7,390</td><td>6,972</td></tr><tr><td>Depreciation of joint venture real estate assets</td><td>1,241</td><td>768</td><td>630</td></tr><tr><td>Funds from operations</td><td>206,048</td><td>191,563</td><td>174,218</td></tr><tr><td>Dividends on prelerred slock</td><td>(442)</td><td>(10,423)</td><td>(11,475)</td></tr><tr><td>Income attributable to operating partnership units</td><td>1,156</td><td>748</td><td>801</td></tr><tr><td>Preferred stock redemption costs</td><td></td><td>(4,775)</td><td></td></tr><tr><td>Funds from operations available for common shareholders</td><td>8206,762</td><td>S177,113</td><td>S163,544</td></tr><tr><td>Weighted average number of common shares, diluted</td><td>56,999</td><td>54,351</td><td>53,469</td></tr><tr><td>Funds from operations available for common shareholders, per diluted</td><td></td><td></td><td></td></tr><tr><td>share</td><td>3.63</td><td>$ 3.26</td><td>$ 3.06</td></tr></tbody></table>",52,normal,,D: 0.5-0.8
fintab_000703,medium,0.5714,0.9341,2.056,"<table><thead><tr><th></th><th></th><th></th><th colspan=""2"">Retiree Medical and Other</th></tr><tr><th></th><th>Pension Benefits</th><th></th><th>Postretirement Benefits</th><th></th></tr></thead><tbody><tr><td></td><td>2015</td><td>2014</td><td>2015</td><td>2014</td></tr><tr><td>Reconciliation ofbenefit obligation:</td><td></td><td></td><td></td><td></td></tr><tr><td>Obligation at January</td><td>S17,594</td><td>S14,899</td><td>1,325</td><td>1,385</td></tr><tr><td>Service cost</td><td></td><td></td><td></td><td></td></tr><tr><td>Interest cost</td><td>737</td><td>746</td><td>50</td><td>61</td></tr><tr><td>Actuarial (gain) loss</td><td>(1,159)</td><td>2,573</td><td>(177)</td><td>(39)</td></tr><tr><td>Plan amendments</td><td></td><td></td><td></td><td>33</td></tr><tr><td>Settlements</td><td></td><td>(20)</td><td></td><td></td></tr><tr><td>Benefit payments</td><td>776)</td><td>(607)</td><td>(94)</td><td>(112)</td></tr><tr><td>Other</td><td></td><td></td><td>24</td><td></td></tr><tr><td>Obligation at December 31</td><td>S16,395</td><td>S17,594</td><td>1,131</td><td>1,325</td></tr><tr><td>Reconciliation of fair_value ofplan assets:</td><td></td><td></td><td></td><td></td></tr><tr><td>Fair value ofplan assets at January</td><td>S10,986</td><td>810,057</td><td>244</td><td>239</td></tr><tr><td>Actual return on plan assets</td><td>(506)</td><td>746</td><td>(9)</td><td>11</td></tr><tr><td>Employer contributions</td><td></td><td>810</td><td></td><td>106</td></tr><tr><td>Settlements</td><td></td><td>(20)</td><td></td><td></td></tr><tr><td>Benefit payments</td><td>776,</td><td>(607)</td><td>(94)</td><td>(112)</td></tr><tr><td>Other (1)</td><td></td><td></td><td>24</td><td></td></tr><tr><td>Fair value ofplan assets at December 3 [</td><td>9.707</td><td>10.,986</td><td>253</td><td>244</td></tr><tr><td>Funded status at December 31</td><td>$ (6,688</td><td>$ (6,608_</td><td>(878</td><td>$ (1,081)</td></tr><tr><td>Amounts recognized in the consolidated balance sheets:</td><td></td><td></td><td></td><td></td></tr><tr><td>Current liability</td><td></td><td>10</td><td>109</td><td>117</td></tr><tr><td>Noncurrent liability (2)</td><td>6,681</td><td>6,598</td><td>769</td><td>964</td></tr><tr><td></td><td>$ 6,688</td><td>$ 6,608</td><td>878</td><td>1,081</td></tr><tr><td>Amounts recognized in other comprehensive _income:</td><td></td><td></td><td></td><td></td></tr><tr><td>Net actuarial loss (gain)</td><td>5,047</td><td>4,961</td><td>(339)</td><td>(199)</td></tr><tr><td>Prior service cost (benefit) (2)</td><td>216</td><td>245</td><td>(L084)</td><td>(4,326)</td></tr><tr><td></td><td>S 5,263</td><td>$ 5,206</td><td>(1,423,</td><td>(1,525)</td></tr></tbody></table>",102,nested_column,,D: 0.5-0.8
fintab_000629,medium,0.023,0.1034,1.528,"<table><thead><tr><th>Senior Secured Notes</th><th>Credit Facilities</th><th>2013 Citicorp Credit Facility</th></tr></thead><tbody><tr><td>Frequency of</td><td></td><td></td></tr><tr><td>Appraisals of Semi-Annual</td><td>Semi-Annual</td><td>Once per Fiscal Year</td></tr><tr><td>Appraised (June and December)</td><td>(June and December)</td><td></td></tr><tr><td>Collateral</td><td></td><td></td></tr><tr><td>1.Sx Collateral valuation to</td><td>L.6x Collateral valuation to</td><td>1.Sx Collateral valuation to</td></tr><tr><td>amount of debt outstanding (equivalent to</td><td>amount of debt outstanding</td><td>amount of debt outstanding (equivalent to</td></tr><tr><td>maximum LTV of 67%); failure to meet</td><td>((equivalent to maximum LTV</td><td>maximum LTV of 67%); if collateral test is not</td></tr><tr><td>LTV Requirement collateral test results in American paying 2%</td><td>of 62.5%); if collateral test is</td><td>met; US Airways must deposit additional</td></tr><tr><td>additional interest until the ratio is at least 1,Sx;</td><td>not met, American must post</td><td>unrestricted cash; post additional collateral, repay</td></tr><tr><td>additional collateral can be posted, or debt</td><td>additional collateral and/or</td><td>debt or any combination of the foregoing until the</td></tr><tr><td>repaid, to meet this test</td><td>repay debt until the test is</td><td>test is met</td></tr><tr><td></td><td>met</td><td></td></tr><tr><td>LTV as of Last 38.8%</td><td>33.8%</td><td>60.7%/</td></tr><tr><td>Measurement Date</td><td></td><td></td></tr><tr><td>Generally, certain route authorities, Slots, and</td><td>Generally, certain route</td><td>Generally, certain route authorities, certain Slots</td></tr><tr><td>rights to airport facilities used by American to</td><td>authorities, Slots, and rights</td><td>(eg Washington Reagan; LaGuardia and</td></tr><tr><td>Collateral operate certain services between the U.S. and</td><td>to airport facilities used by</td><td>London) , accounts receivable, certain engines,</td></tr><tr><td>Description London Heathrow, Tokyo Narita/Haneda, and</td><td>American tO operate all</td><td>certain spare parts and ground service equipment;</td></tr><tr><td>China</td><td>services between the U.S_</td><td>certain simulators_ certain leasehold real estate</td></tr><tr><td></td><td>and South America</td><td>assets and cash</td></tr></tbody></table>",53,normal,,B: <0.3
fintab_000991,medium,0.299,0.5155,0.883,"<table><thead><tr><th></th><th></th><th></th><th colspan=""3""></th><th></th></tr></thead><tbody><tr><td>(in thousands, except per share data)</td><td></td><td>2005</td><td></td><td>2004</td><td></td><td>2003</td></tr><tr><td>Net income, as reported</td><td colspan=""2""></td><td colspan=""2""></td><td colspan=""2""></td></tr><tr><td>Add: Stock-related compensation expense included in reported net income,</td><td></td><td></td><td></td><td></td><td></td><td></td></tr><tr><td>net of income taxes</td><td></td><td>461</td><td></td><td>880</td><td></td><td>770</td></tr><tr><td>Deduct: Stock-related compensation expense determined under the fair value method,</td><td></td><td></td><td></td><td></td><td></td><td></td></tr><tr><td>net of income taxes</td><td></td><td>(5,021)</td><td colspan=""2""></td><td colspan=""2""></td></tr><tr><td>Pro forma net income</td><td colspan=""2""></td><td colspan=""2""></td><td colspan=""2""></td></tr><tr><td>Earnings per share:</td><td></td><td></td><td></td><td></td><td></td><td></td></tr><tr><td>Basic, as reported</td><td>S</td><td>2.50</td><td>S</td><td>4.20</td><td>$</td><td>4.03</td></tr><tr><td>Basic, pro forma</td><td>$</td><td>2.46</td><td>$</td><td>3.41</td><td>$</td><td>3.86</td></tr><tr><td>Diluted, as reported</td><td>$</td><td>2.48</td><td>$</td><td>4.06</td><td>$</td><td>3.89</td></tr><tr><td>Diluted, pro forma</td><td>$</td><td>2.44</td><td>$</td><td>3.32</td><td>$</td><td>3.73</td></tr></tbody></table>",52,normal,,B: <0.3
fintab_001152,medium,0.5786,0.7925,2.274,"<table><thead><tr><th></th><th></th><th colspan=""2""></th><th></th></tr></thead><tbody><tr><td></td><td></td><td>2012</td><td>2011</td><td>2010</td></tr><tr><td></td><td></td><td colspan=""3""></td></tr><tr><td>NUMERATOR</td><td></td><td></td><td></td><td></td></tr><tr><td>Income from continuing operations _</td><td></td><td>S 144,372 S</td><td>131,554 S</td><td>125,851</td></tr><tr><td>Less: Preferred share dividends</td><td></td><td>(541)</td><td>(541)</td><td>(541)</td></tr><tr><td>Less: Income from</td><td>continuing operations attributable to noncontrolling interests.</td><td>(4,307)</td><td>(5,475)</td><td>(5,247)</td></tr><tr><td colspan=""2"">Less: Earnings allocated to unvested shares</td><td>(845)</td><td>705)</td><td>(572)</td></tr><tr><td colspan=""2"">Income from</td><td>138,679</td><td>124,833</td><td>119,491</td></tr><tr><td colspan=""2""></td><td></td><td>17,838</td><td>1,776</td></tr><tr><td>Gain on sale of real estate</td><td></td><td>11,860</td><td></td><td>410</td></tr><tr><td colspan=""2""></td><td>S 150,539 S</td><td>142,671 S</td><td>121,677</td></tr><tr><td>DENOMINATOR</td><td></td><td></td><td></td><td></td></tr><tr><td colspan=""2"">Weighted average common shares outstanding</td><td>63,881</td><td>62,438</td><td>61,182</td></tr><tr><td>Effect of dilutive securities:</td><td></td><td></td><td></td><td></td></tr><tr><td>Stock options.</td><td></td><td>175</td><td>165</td><td>142</td></tr><tr><td colspan=""2"">Weighted average common shares outstanding</td><td>64,056</td><td>62,603</td><td>61,324</td></tr><tr><td colspan=""2"">EARNINGS PER COMMON SHARE, BASIC</td><td></td><td></td><td></td></tr><tr><td>Continuing operations _</td><td></td><td>2.17 S</td><td>2.00 S</td><td>1.95</td></tr><tr><td>Discontinued operations</td><td></td><td></td><td>0.29</td><td>0.03</td></tr><tr><td>Gain on sale of real estate</td><td></td><td>0.19</td><td></td><td>0.01</td></tr><tr><td></td><td></td><td>2.36 S</td><td>2.29 S</td><td>1.99</td></tr><tr><td colspan=""2"">EARNINGS PER COMMON SHARE, DILUTED</td><td></td><td></td><td></td></tr><tr><td>Continuing operations _</td><td></td><td>2.16 S</td><td>1.99 S</td><td>1.94</td></tr><tr><td>Discontinued operations</td><td></td><td></td><td>0.29</td><td>0.03</td></tr><tr><td>Gain on sale of real estate</td><td></td><td>0.19</td><td></td><td>0.01</td></tr><tr><td></td><td></td><td>2.35 S</td><td>2.28 S</td><td>1.98</td></tr><tr><td colspan=""2""></td><td>S 140,065 S</td><td>126,079 S</td><td>120,604</td></tr></tbody></table>",86,normal,,D: 0.5-0.8
fintab_000089,extreme,0.5743,0.7921,1.119,"<table><thead><tr><th></th><th></th><th></th><th>Payments due by period</th><th></th><th></th></tr></thead><tbody><tr><td></td><td></td><td>Less than</td><td>1-3</td><td>3-5</td><td>More than</td></tr><tr><td></td><td>Total</td><td>1 year</td><td>years</td><td>years</td><td>5 years</td></tr><tr><td>Operating Activities:</td><td></td><td></td><td></td><td></td><td></td></tr><tr><td>Operating lease obligations( (1)</td><td>S 309,797 S</td><td>20,749 S</td><td>33,025 S</td><td>24,135 S</td><td>231,888</td></tr><tr><td>Interest o long-term debt'2)</td><td>1,294,426</td><td>281,066</td><td>416,711</td><td>277,028</td><td>319,621</td></tr><tr><td>Other -(3)</td><td>795,247</td><td>232,055</td><td>292,353</td><td>160,520</td><td>110,319</td></tr><tr><td>Investing Activities:</td><td></td><td></td><td></td><td></td><td></td></tr><tr><td>Ship purchase obligations</td><td>6,454,147</td><td>108,084</td><td>2,746,358</td><td>3,005,993</td><td>593,712</td></tr><tr><td>Financing Activities:</td><td></td><td></td><td></td><td></td><td></td></tr><tr><td>Long-term debt obligationsC (5)</td><td>9,147,052</td><td>1,078,719</td><td>3,057,417</td><td>2,233,047</td><td>2,777,869</td></tr><tr><td>Capital lease obligations()</td><td>40,384</td><td>7,016</td><td>7,031</td><td>8,060</td><td>18,277</td></tr><tr><td>Other (7)</td><td>51,744</td><td>18,364</td><td>25,286</td><td>7,805</td><td>289</td></tr><tr><td>Total</td><td>$ 18,092,797 S</td><td>1,746,053 S</td><td>6,578,181 S</td><td>5,716,588 S</td><td>4,051,975</td></tr></tbody></table>",61,normal,,D: 0.5-0.8
fintab_001274,medium,0.494,0.8916,1.167,"<table><thead><tr><th></th><th>2010</th><th>2009</th><th>2008</th></tr></thead><tbody><tr><td></td><td></td><td>In thousands)</td><td></td></tr><tr><td>SUPPLEMENTAL DISCLOSURES:</td><td></td><td></td><td></td></tr><tr><td>Total interest costs incurred</td><td>S108,167</td><td>S114,330</td><td>S104,464</td></tr><tr><td>Interest capitalized</td><td>(6,285)</td><td>(5,549)</td><td>(5,301)</td></tr><tr><td>Interest expense</td><td>$101,882</td><td>S108,781</td><td>$ 99,163</td></tr><tr><td>Cash paid for interest; net of amounts capitalized</td><td>$ 98,932</td><td>S102,106</td><td>$ 95,897</td></tr><tr><td>Cash paid for income taxes</td><td>$ 255</td><td>324</td><td>S 444</td></tr><tr><td>NON-CASH INVESTING AND FINANCING TRANSACTIONS:</td><td></td><td></td><td></td></tr><tr><td>Extinguishment of deferred ground rent liability</td><td>$ 8,832</td><td>S</td><td>$</td></tr><tr><td>Extinguishment of capital lease obligations</td><td>$ 1,031</td><td></td><td>$ 11,545</td></tr><tr><td>Acquisition of real estate through exchange transaction</td><td></td><td>S 30,100</td><td>$</td></tr><tr><td>Proceeds from sale of real estate through exchange transaction</td><td>;</td><td>$ 25,100</td><td>$</td></tr><tr><td>Liability assumed through exchange transaction</td><td></td><td>S 5,000</td><td>S</td></tr><tr><td>Mortgage loans assumed with acquisitions</td><td></td><td></td><td>$ 32,452</td></tr><tr><td>Note payable issued with acquisitions</td><td>$</td><td>S</td><td>S 2,221</td></tr></tbody></table>",49,normal,,C: 0.3-0.5
fintab_000247,medium,0.6825,0.7619,0.707,"<table><thead><tr><th></th><th>Poland</th><th>Key Market Data</th><th></th></tr><tr><th></th><th></th><th>Full-Year</th><th></th></tr><tr><th></th><th></th><th></th><th>Change</th></tr></thead><tbody><tr><td></td><td>2046</td><td>2015</td><td>% Lpyp:</td></tr><tr><td>Total Cigarette Market (billion units)</td><td>41.3</td><td>41.1</td><td>0.5%</td></tr><tr><td>PMI Cigarette Shipments (million units)</td><td>17,485</td><td>16,763</td><td>4.3%</td></tr><tr><td>PMI Cigarette Market Share</td><td></td><td></td><td></td></tr><tr><td>Marlboro</td><td>11.6%</td><td>11.4%</td><td>0.2</td></tr><tr><td>L&M</td><td>18.5%</td><td>18.1%</td><td>0.4</td></tr><tr><td>Chesterfield</td><td>9.1%</td><td>8.6%/</td><td>0.5</td></tr><tr><td>Others</td><td>3.1%</td><td>2.7%/</td><td>0.4</td></tr><tr><td>Total</td><td>42.3%</td><td>40.8%</td><td></td></tr></tbody></table>",35,nested_column,,D: 0.5-0.8
fintab_000151,medium,0.2256,0.4817,3.966,"<table><thead><tr><th></th><th></th><th>Accumulated</th></tr><tr><th></th><th></th><th>Other Total</th></tr><tr><th></th><th>Common Stock Deferred Stock Retained</th><th>Comprehensive Shareholders'</th></tr></thead><tbody><tr><td></td><td>Shares Amount Compensation Earnings_</td><td>Income (Loss) Equity_</td></tr><tr><td></td><td>As As As</td><td>As</td></tr><tr><td></td><td>Restated (1) Restated Restated (1)</td><td>Restated (1)</td></tr><tr><td>Balances as of September 27, 2003 as previously</td><td></td><td></td></tr><tr><td>reported</td><td>733,454 S1,926 $ (62) $2,394</td><td>$(35) $4,223</td></tr><tr><td>Adjustments to opening shareholders' equity</td><td>85 (22) (63</td><td></td></tr><tr><td>Balance as of September 27,2003 as restated</td><td>733,454 S2,011 S (84) S2,331</td><td>$(35) 84,223</td></tr><tr><td>Components of comprehensive income:</td><td></td><td></td></tr><tr><td>Net incomc</td><td>266</td><td>266</td></tr><tr><td>Change in foreign currency translation</td><td></td><td>13 13</td></tr><tr><td>Change in unrealized gain on available-for-sale</td><td></td><td></td></tr><tr><td>securities, net of tax</td><td></td><td>(5)</td></tr><tr><td>Change in unrealized loss 0n derivative</td><td></td><td></td></tr><tr><td>investments, net of tax:</td><td></td><td>12 12</td></tr><tr><td>Total comprehensive income</td><td></td><td>286</td></tr><tr><td>Issuance of stock-based compensation awards_</td><td>63 (63)</td><td></td></tr><tr><td>Adjustment to common stock related to a prior year</td><td></td><td></td></tr><tr><td>acquisition</td><td>(159)</td><td>(2)</td></tr><tr><td>Stock-based compensation</td><td>46</td><td>46</td></tr><tr><td>Common stock issued under stock plans</td><td>49,592 427</td><td>427</td></tr><tr><td>Tax benefit related to stock options</td><td>83</td><td>83</td></tr><tr><td>Balances as of September 25, 2004</td><td>782.,887 52.582 $(101) S2,597</td><td>$(15) S5,063</td></tr><tr><td>Components of comprehensive income:</td><td></td><td></td></tr><tr><td>Net income</td><td>1,328</td><td>1,328</td></tr><tr><td>Change in foreign currency translation</td><td></td><td></td></tr><tr><td>Change in unrealized gain on derivative</td><td></td><td></td></tr><tr><td>investments, net of tax</td><td></td><td>8</td></tr><tr><td>Total comprehensive income _</td><td></td><td>1,343</td></tr><tr><td>Issuance of stock-based compensation awards.</td><td>0</td><td></td></tr><tr><td>Stock-based compensation.</td><td></td><td>47</td></tr><tr><td>Common stock issued under stock plans</td><td>52,132 547</td><td>1 547</td></tr><tr><td>Tax benefit related to stock options</td><td>428</td><td>428</td></tr><tr><td>Balances as of September 24, 2005 _</td><td>835,019 83,564 (61) S3,925</td><td>$ S7,428</td></tr><tr><td>Components of comprehensive income:</td><td></td><td></td></tr><tr><td>Net incomc</td><td>1,989</td><td>1,989</td></tr><tr><td>Change in foreign currency translation</td><td></td><td>19 19</td></tr><tr><td>Change in unrealized gain on available-for-sale</td><td></td><td></td></tr><tr><td>securities, net of tax</td><td></td><td></td></tr><tr><td>Change in unrealized loss On derivative</td><td></td><td></td></tr><tr><td>investments, net of tax:</td><td></td><td>(1)</td></tr><tr><td>Total comprehensive income_</td><td></td><td>2,011</td></tr><tr><td>Common stock repurchased:</td><td>(4,574) (48) (303</td><td>(355)</td></tr><tr><td>Stock-based compensation.</td><td>163</td><td>163</td></tr><tr><td>Deferred compensation _</td><td>(61)</td><td></td></tr><tr><td>Common stock issued under stock plans_</td><td>24,818 318 2</td><td>318</td></tr><tr><td>Tax benefit related to stock-based compensation</td><td>419</td><td>419</td></tr><tr><td>Balances as of September 30,.2006 _</td><td>855,263 S4,355 $ S5,607</td><td>$ 22 S9,984</td></tr></tbody></table>",104,nested_column,,B: <0.3
fintab_000983,medium,0.8381,0.9333,1.078,"<table><thead><tr><th></th><th></th><th>2008</th><th></th><th>2007</th></tr></thead><tbody><tr><td>(S in millions)</td><td>Amount</td><td>Ratio</td><td>Amount</td><td>Ratio</td></tr><tr><td>Total risk-based capital (to risk-weighted assets):</td><td></td><td></td><td></td><td></td></tr><tr><td>Fifth Third Bancorp (Consolidated)</td><td>S16,646</td><td>14.78 %</td><td>S11,733</td><td>10.16 %</td></tr><tr><td>Fifth Third Bank (Ohio)</td><td>6,444</td><td>10.92</td><td>6,058</td><td>10.39</td></tr><tr><td>Fifth Third Bank (Michigan)</td><td>6,664</td><td>12.95</td><td>5,787</td><td>10.13</td></tr><tr><td>Fifth Third Bank; NA.</td><td>948</td><td>17.59</td><td>519</td><td>21.76</td></tr><tr><td>Tier [ capital (to risk-weighted assets)</td><td></td><td></td><td></td><td></td></tr><tr><td>Fifth Third Bancorp (Consolidated)</td><td>11,924</td><td>10.59</td><td>8,924</td><td>7.72</td></tr><tr><td>Fifth Third Bank (Ohio)</td><td>4,799</td><td>8.13</td><td>4,744</td><td>8.13</td></tr><tr><td>Fifth Third Bank (Michigan)</td><td>5,692</td><td>11.06</td><td>5,191</td><td>9.09</td></tr><tr><td>Fifth Third Bank; NA.</td><td>880</td><td>16.33</td><td>503</td><td>21.07</td></tr><tr><td>Tier leverage (to average assets):</td><td></td><td></td><td></td><td></td></tr><tr><td>Fifth Third Bancorp (Consolidated)</td><td>11,924</td><td>10.27</td><td>8,924</td><td>8.50</td></tr><tr><td>Fifth Third Bank (Ohio)</td><td>4,799</td><td>7.03</td><td>4,744</td><td>8.11</td></tr><tr><td>Fifth Third Bank (Michigan)</td><td>5,692</td><td>10.45</td><td>5,191</td><td>10.55</td></tr><tr><td>Fifth Third Bank; NA.</td><td>880</td><td>14.11</td><td>503</td><td>25.59</td></tr></tbody></table>",70,normal,,E: >=0.8
fintab_000309,extreme,0.5189,0.6415,1.053,"<table><thead><tr><th></th><th></th><th></th><th>Fiscal Year</th><th></th><th></th></tr></thead><tbody><tr><td></td><td>2016</td><td>2015</td><td>2014 (2)</td><td>2013</td><td>2012</td></tr><tr><td></td><td></td><td colspan=""3""></td><td></td></tr><tr><td>Selected Store Data and Performance</td><td></td><td></td><td></td><td></td><td></td></tr><tr><td>Measures:</td><td></td><td></td><td></td><td></td><td></td></tr><tr><td>Comparable store sales growth (10)</td><td>(1.4%)</td><td>0.0%</td><td>2.0%</td><td>(1.5%)</td><td>(0.8%)</td></tr><tr><td>Number of stores; beginning of year (M)</td><td>5,293</td><td>5,372</td><td>4,049</td><td>3,794</td><td>3,662</td></tr><tr><td>New stores (4) (12)</td><td>78</td><td>121</td><td>1,487</td><td>296</td><td>137</td></tr><tr><td>Closed stores (H) (13)</td><td>182)</td><td>(200)</td><td>(164)</td><td>(41)</td><td>(5)</td></tr><tr><td>Number of stores, end of year ()</td><td>5,189</td><td>5,293</td><td>5,372</td><td>4,049</td><td>3,794</td></tr><tr><td>Stores with Professional delivery program; end of</td><td></td><td></td><td></td><td></td><td></td></tr><tr><td>period</td><td>4,501</td><td>4,745</td><td>4,981</td><td>3,702</td><td>3.484</td></tr><tr><td>Total Professional sales, as a percentage of total</td><td></td><td></td><td></td><td></td><td></td></tr><tr><td>sales</td><td>57.5%</td><td>57.2%</td><td>57.0%</td><td>40.4%</td><td>38.1%</td></tr><tr><td>Total store square footage, end of period (in O00s)</td><td>41,737</td><td>42,185</td><td>43,338</td><td>29,701</td><td>27,806</td></tr></tbody></table>",59,normal,,D: 0.5-0.8
fintab_000499,medium,0.2759,0.6379,0.715,"<table><thead><tr><th></th><th></th><th>2014</th><th>2013 2012</th></tr></thead><tbody><tr><td></td><td></td><td></td><td>(Dollars in thousands)</td></tr><tr><td>Balance at January 1</td><td></td><td>$ 55,771 S</td><td>62,108 S 75,026</td></tr><tr><td>Increase in unrecognized tax benefits related to</td><td>prior years</td><td></td><td>1,110</td></tr><tr><td colspan=""2"">Decrease in unrecognized tax benefits related to prior years</td><td></td><td>(6,134)</td></tr><tr><td colspan=""2"">Unrecognized tax benefits related to the current year</td><td>910</td><td>1,838 4,256</td></tr><tr><td colspan=""2"">Reductions in unrecognized tax benefits due to settlements</td><td>(132)</td><td>(8,816)</td></tr><tr><td colspan=""2"">Reductions in unrecognized tax benefits due to lapse of applicable</td><td></td><td></td></tr><tr><td>statute of limitations</td><td></td><td>(3,235)</td><td>(8,433) (3,503)</td></tr><tr><td colspan=""2"">Increase (decrease) in unrecognized tax benefits due to foreign</td><td></td><td></td></tr><tr><td>currency translation</td><td></td><td>(2,230)</td><td>258 169</td></tr><tr><td>Balance at December 31</td><td></td><td>S 51,084 S</td><td>55,771 62,108</td></tr></tbody></table>",28,normal,,B: <0.3
fintab_000827,medium,0.403,0.4925,0.565,"<table><thead><tr><th></th><th colspan=""2"">Pre-65 Individuals</th><th colspan=""2"">Post-65 Individuals</th></tr></thead><tbody><tr><td></td><td>2003</td><td>2002</td><td>2003</td><td>2002</td></tr><tr><td>Assumed health care _trend rates at</td><td></td><td></td><td></td><td></td></tr><tr><td>December 31</td><td></td><td></td><td></td><td></td></tr><tr><td>Health care cost trend rate assumed for</td><td></td><td></td><td></td><td></td></tr><tr><td>next year</td><td>5.0%</td><td>6.0%</td><td>11.0%</td><td>12.0%</td></tr><tr><td>Rate to which the cost trend rate is</td><td></td><td></td><td></td><td></td></tr><tr><td>assumed to decline (the ultimate trend</td><td></td><td></td><td></td><td></td></tr><tr><td>rate)</td><td>4.5%</td><td>4.5%</td><td>4.5%</td><td>4.5_</td></tr><tr><td>Year that the rate reaches the ultimate</td><td></td><td></td><td></td><td></td></tr><tr><td>trend rate</td><td>2005</td><td>2005</td><td>2010</td><td>2010</td></tr></tbody></table>",27,normal,,C: 0.3-0.5
fintab_001208,extreme,0.3913,0.6522,0.716,"<table><thead><tr><th></th><th></th><th>Commitments Due by Period</th><th></th><th></th></tr></thead><tbody><tr><td></td><td>Less Than</td><td></td><td></td><td>After 5</td></tr><tr><td></td><td>Total 1 Year</td><td>1-3 Years</td><td>3-5 Years</td><td>Years</td></tr><tr><td></td><td></td><td>(In thousands)</td><td></td><td></td></tr><tr><td>Current and long-term debt</td><td>S1,560,423 S217,084</td><td>8194,101</td><td>5302,745</td><td>$ 846,493</td></tr><tr><td>Capital lease obligations</td><td>268,524 6,939</td><td>13,810</td><td>13,819</td><td>233,956</td></tr><tr><td>Operating leases</td><td>289,541 4,796</td><td>9,509</td><td>9,521</td><td>265,715</td></tr><tr><td>Real estate commitments</td><td>145,438 11,320</td><td>44,023</td><td></td><td>90,095</td></tr><tr><td>Development and redevelopment obligations</td><td>55,057 54,481</td><td>472</td><td>104</td><td></td></tr><tr><td>Contractual operating obligations</td><td>14,472 7,427</td><td>6,663</td><td>382</td><td></td></tr><tr><td>Total contractual cash obligations</td><td>S2,333,455 5302,047</td><td>S268,578</td><td>5326,571</td><td>S1,436,259</td></tr></tbody></table>",40,normal,,C: 0.3-0.5
fintab_000505,medium,0.746,0.8571,0.666,"<table><thead><tr><th></th><th></th><th>Year Ended December 31:</th><th></th></tr></thead><tbody><tr><td></td><td>2014</td><td>2013</td><td>2012</td></tr><tr><td></td><td></td><td>(Dollars in thousands)</td><td></td></tr><tr><td>Revenue</td><td></td><td></td><td></td></tr><tr><td>Vascular North America</td><td>S 259,227 S</td><td>231,112 S</td><td>222,749</td></tr><tr><td>AnesthesialRespiratory North America</td><td>222,650</td><td>228,485</td><td>180,363</td></tr><tr><td>Surgical North America</td><td>150,121</td><td>146,058</td><td>143,875</td></tr><tr><td>EMEA</td><td>593,065</td><td>557,427</td><td>510,248</td></tr><tr><td>Asia</td><td>237,696</td><td>207,207</td><td>173,721</td></tr><tr><td>OEM</td><td>143,966</td><td>131,173</td><td>140,230</td></tr><tr><td>All other</td><td>233,107</td><td>194,809</td><td>179,823</td></tr><tr><td>Consolidated net revenues</td><td>S 1,839,832 S</td><td>1,696,271 S</td><td>1,551,009</td></tr></tbody></table>",38,normal,,D: 0.5-0.8
fintab_000853,extreme,0.35,0.48,0.623,"<table><thead><tr><th></th><th></th><th></th><th colspan=""3""></th><th></th><th></th><th></th><th></th></tr></thead><tbody><tr><td></td><td></td><td>2014</td><td></td><td></td><td>2013</td><td></td><td></td><td></td><td></td></tr><tr><td></td><td></td><td></td><td>Percentage of</td><td></td><td></td><td>Percentage of</td><td></td><td></td><td></td></tr><tr><td></td><td></td><td>Dollars in</td><td>Total Net</td><td></td><td>Dollars in</td><td>Total Net</td><td></td><td>Dollar</td><td>Percent</td></tr><tr><td></td><td></td><td>Millions</td><td>Sales</td><td></td><td>Millions</td><td>Sales</td><td></td><td>Change</td><td>Change</td></tr><tr><td>Corporate</td><td>S</td><td>6,475.5</td><td>53.6%</td><td>S</td><td>5,960.1</td><td>55.3%</td><td>S</td><td>515.4</td><td>8.6%/</td></tr><tr><td>Public</td><td></td><td>4,879.4</td><td>40.4</td><td></td><td>4,164.5</td><td>38.7</td><td></td><td>714.9</td><td>17.2</td></tr><tr><td>Other</td><td></td><td>719.6</td><td>6.0</td><td></td><td>644.0</td><td>6.0</td><td></td><td>75.6</td><td>11.7</td></tr><tr><td>Total net sales</td><td>S</td><td>12,074.5</td><td>100.0%</td><td>S</td><td>10,768.6</td><td>100.0%</td><td>S</td><td>1,305.9</td><td>12.1%</td></tr></tbody></table>",51,normal,,C: 0.3-0.5
fintab_000063,medium,0.7706,0.9541,3.937,"<table><thead><tr><th></th><th></th><th>Year Ended December 31_</th><th></th></tr></thead><tbody><tr><td></td><td>2009</td><td>2008</td><td>2007</td></tr><tr><td></td><td></td><td>(in thousands)</td><td></td></tr><tr><td>Operating Activities</td><td></td><td></td><td></td></tr><tr><td>Net income</td><td>S 162,421</td><td>573,722</td><td>S 603,405</td></tr><tr><td>Adjustments:</td><td></td><td></td><td></td></tr><tr><td>Depreciation and amortization</td><td>568,214</td><td>520,353</td><td>483,066</td></tr><tr><td>Changes in operating assets and liabilities:</td><td></td><td></td><td></td></tr><tr><td>(Increase) decrease in trade and other receivables, net</td><td>(3,633,</td><td>28,150</td><td>(122,682)</td></tr><tr><td>Increase in inventories</td><td>(11,295)</td><td>(140)</td><td>(19.424)</td></tr><tr><td>(Increase) decrease in prepaid expenses and other assets</td><td>(3,085_</td><td>12,884</td><td>(37,650)</td></tr><tr><td>Increase in accounts payable</td><td>16,424</td><td>22,322</td><td>23,398</td></tr><tr><td>Increase (decrease) in accrued interest</td><td>18,668</td><td>(3,571)</td><td>78,160</td></tr><tr><td>Increase in accrued expenses and other liabilities</td><td>15,391</td><td>39,766</td><td>72,035</td></tr><tr><td>Increase (decrease) in customer deposits</td><td>32,038</td><td>(118,541)</td><td>184,713</td></tr><tr><td>Other; net</td><td>49,738</td><td>(3,690)</td><td>3,673</td></tr><tr><td>Net cash provided by operating activities</td><td>844,881</td><td>1,071,255</td><td>1,268,694</td></tr><tr><td>Investing Activities</td><td></td><td></td><td></td></tr><tr><td>Purchases of property and equipment</td><td>(2,477,549)</td><td>(2,223,534)</td><td>(1,317,381)</td></tr><tr><td>Repayment of notes from TUI Travel</td><td></td><td></td><td>100,000</td></tr><tr><td>Cash received on settlement of derivative financial instruments</td><td>110,830</td><td>269,815</td><td>59,392</td></tr><tr><td>Loans and equity contributions to unconsolidated affiliates</td><td>(181,683</td><td>(52,323)</td><td></td></tr><tr><td>Proceeds from sale of Celebrity Galaxy</td><td>290,928</td><td></td><td></td></tr><tr><td>Proceeds from sale of investment in Island Cruises</td><td></td><td>51,400</td><td></td></tr><tr><td>Other; net</td><td>16.983</td><td>(22,607)</td><td>(12.569</td></tr><tr><td>Net cash used in investing activities</td><td>(2.274.457)</td><td>1,977,249</td><td>(4,170.558</td></tr><tr><td>Financing Activities</td><td></td><td></td><td></td></tr><tr><td>Proceeds from issuance of debt</td><td>2,317,158</td><td>2,223,402</td><td>1,934,979</td></tr><tr><td>Debt issuance costs</td><td>(61,157)</td><td>(23,872)</td><td>(10,146)</td></tr><tr><td>Repayments of debt</td><td>(948,467)</td><td>(987,547)</td><td>(1,805,798 _</td></tr><tr><td>Dividends paid</td><td></td><td>(128,045)</td><td>(98,298)</td></tr><tr><td>Proceeds from exercise of common stock options</td><td>569</td><td>3,817</td><td>19,632</td></tr><tr><td>Other; net</td><td>4,103</td><td>(4,369)</td><td>(3.758,</td></tr><tr><td>Net cash provided by financing activities</td><td>1,312,206</td><td>1,083,386</td><td>36,611</td></tr><tr><td>Effect of exchange rate changes on cash</td><td>(889)</td><td>(5,298)</td><td>(8,483)</td></tr><tr><td>Net (decrease) increase in cash and cash equivalents</td><td>(118,259)</td><td>172,094</td><td>126.264</td></tr><tr><td>Cash and cash equivalents at beginning of year</td><td>402.878</td><td>230,784</td><td>104.520</td></tr><tr><td>Cash and cash equivalents at end of year</td><td>S 284,619</td><td>$ 402,878</td><td>S 230,784</td></tr><tr><td>Supplemental Disclosures</td><td></td><td></td><td></td></tr><tr><td>Cash paid during the year for:</td><td></td><td></td><td></td></tr><tr><td>Interest; net of amount capitalized</td><td>S 288,458</td><td>324,206</td><td>S 285,206</td></tr><tr><td>Non-cash Investing Transactions</td><td></td><td></td><td></td></tr><tr><td>We accrued for purchases of property and equipment</td><td>paid in 2009</td><td>$ 63,857</td><td>S</td></tr></tbody></table>",133,normal,,D: 0.5-0.8
fintab_000513,medium,0.2308,0.5,0.218,"<table><thead><tr><th></th><th></th><th>2015</th><th></th><th>2014</th></tr></thead><tbody><tr><td>Assets_held for sale:</td><td></td><td colspan=""2""></td><td></td></tr><tr><td>Property , plant and equipment</td><td>5</td><td>6,972</td><td>S</td><td>7,422</td></tr><tr><td>Total assets held for sale</td><td>S</td><td>6,972</td><td>S</td><td>7,422</td></tr></tbody></table>",14,normal,,B: <0.3
fintab_001126,medium,0.5814,0.7674,0.424,"<table><thead><tr><th></th><th>Year Ended</th><th></th></tr></thead><tbody><tr><td></td><td>December 31,</td><td></td></tr><tr><td></td><td>2014</td><td>2013</td></tr><tr><td></td><td>(In thousands)</td><td></td></tr><tr><td>Beginning balance.</td><td>104,425 S</td><td>94,420</td></tr><tr><td>Net income</td><td>3,452</td><td>2,887</td></tr><tr><td>Distributions & Redemptions.</td><td>(3,714)</td><td>(3,822)</td></tr><tr><td>Contributions</td><td>5,858</td><td>1,083</td></tr><tr><td>Adjustment to redeemable noncontrolling interests.</td><td>9,032</td><td>9,857</td></tr><tr><td>Ending balance_</td><td>119,053 S</td><td>104,425</td></tr></tbody></table>",23,normal,,D: 0.5-0.8
fintab_000419,extreme,0.6818,0.7818,0.955,"<table><thead><tr><th></th><th></th><th colspan=""2"">Year Ended December 31,</th><th></th><th></th><th></th></tr></thead><tbody><tr><td></td><td>2015</td><td></td><td>2014</td><td></td><td>Change in</td><td></td></tr><tr><td></td><td></td><td>% of</td><td></td><td>% of</td><td></td><td></td></tr><tr><td></td><td></td><td>revenue</td><td></td><td>revenue</td><td></td><td>%</td></tr><tr><td>Revenue</td><td></td><td></td><td></td><td></td><td></td><td></td></tr><tr><td>Product</td><td>$744,877</td><td colspan=""2""></td><td colspan=""2""></td><td>40.1%</td></tr><tr><td>Service</td><td>92,714</td><td>11.1</td><td>52,563</td><td>9.0</td><td>40,151</td><td>76.4</td></tr><tr><td>Total revenue</td><td>837,591</td><td>100.0</td><td>584,106</td><td>100.0</td><td>253,485</td><td>43.4</td></tr><tr><td>Cost of revenue</td><td></td><td></td><td></td><td></td><td></td><td></td></tr><tr><td>Product</td><td>263,585</td><td>31.5</td><td>174,004</td><td>29.8</td><td>89,581</td><td>51,5</td></tr><tr><td>Service</td><td>30,446</td><td>3.6</td><td>18,011</td><td>3.1</td><td>12,435</td><td>69.0</td></tr><tr><td>Total cost of revenue</td><td>294,031</td><td>35.1</td><td>192,015</td><td>32.9</td><td>102,016</td><td>53.1</td></tr><tr><td>Gross profit</td><td>$543,560</td><td colspan=""2""></td><td colspan=""2""></td><td>38.6%</td></tr><tr><td>Gross margin</td><td>64.9%</td><td></td><td>67.1%</td><td></td><td></td><td></td></tr></tbody></table>",59,normal,,D: 0.5-0.8
fintab_000059,extreme,0.5152,0.7727,0.552,"<table><thead><tr><th></th><th></th><th></th><th>Payments due by period</th><th></th><th></th></tr><tr><th></th><th></th><th>Less than</th><th></th><th></th><th>More than</th></tr></thead><tbody><tr><td></td><td>Total</td><td>year</td><td>1-3 years</td><td>3-5 years</td><td>5 years</td></tr><tr><td>Long-term debt obligations(</td><td>$ 6,959,586</td><td>466,973</td><td>51,636,480</td><td>52,060,305</td><td>52,795,828</td></tr><tr><td>Capital lease obligations()</td><td>51,817</td><td>4,920</td><td>6,319</td><td>3,196</td><td>37,382</td></tr><tr><td>Operating lease obligations 2x3)</td><td>390,639</td><td>48,459</td><td>88,187</td><td>219,637</td><td>34,356</td></tr><tr><td>Ship purchase obligations(4)</td><td>5,319,376</td><td>1,956,756</td><td>2,643,694</td><td>718,926</td><td></td></tr><tr><td>Other</td><td>647,870</td><td>132,841</td><td>174,638</td><td>154,962</td><td>185,429</td></tr><tr><td>Total</td><td>$13,369,288</td><td>$2,609,949</td><td>54,549,318</td><td>53,157,026</td><td>53,052,995</td></tr></tbody></table>",43,nested_column,,D: 0.5-0.8
fintab_000507,medium,0.6212,0.7727,0.86,"<table><thead><tr><th></th><th>2015</th><th>2014</th></tr></thead><tbody><tr><td></td><td colspan=""2"">(Dollars in thousands)</td></tr><tr><td>Senior Credit Facility:</td><td></td><td></td></tr><tr><td>Revolving credit facility, at a rate of 2.17% at December 31, 2015 and 1.92% at</td><td></td><td></td></tr><tr><td>December 31,2014, due 2018</td><td>S 396,000 S</td><td>200,000</td></tr><tr><td>3.875% Convertible Senior Subordinated Notes due 2017</td><td>399,641</td><td>399,898</td></tr><tr><td>6.875% Senior Subordinated Notes due 2019</td><td></td><td>250,000</td></tr><tr><td>5.25% Senior Notes due 2024</td><td>250,000</td><td>250,000</td></tr><tr><td>Securitization program, at a rate of 1.18% at December 31, 2015 and 0.92% at</td><td></td><td></td></tr><tr><td>December 31,_ 2014</td><td>43,300</td><td>4,700</td></tr><tr><td></td><td>1,088,941</td><td>1,104,598</td></tr><tr><td>Less: Unamortized debt discount on 3.875% Convertible Senior Subordinated</td><td></td><td></td></tr><tr><td>Notes due 2017</td><td>(22,999)</td><td>(36,197)</td></tr><tr><td></td><td>1,065,942</td><td>1,068,401</td></tr><tr><td>Current portion of borrowings</td><td>(419,942)</td><td>(368,401)</td></tr><tr><td>Long-term borrowings</td><td>S 646,000 S</td><td>700,000</td></tr></tbody></table>",34,normal,,D: 0.5-0.8
fintab_000579,medium,0.7966,0.8814,0.691,"<table><thead><tr><th></th><th>2018</th><th>2017</th></tr></thead><tbody><tr><td></td><td>(Dollars in millions)</td><td></td></tr><tr><td>Net debt includes:</td><td></td><td></td></tr><tr><td>Current borrowings</td><td>86.6</td><td>86.6</td></tr><tr><td>Long-term borrowings</td><td>2,072.2</td><td>2,162.9</td></tr><tr><td>Unamortized debt issuance costs</td><td>17.7</td><td>20.5</td></tr><tr><td>Total debt</td><td>2,176.5</td><td>2,270.0</td></tr><tr><td>Less: Cash and cash equivalents</td><td>357.2</td><td>333.6</td></tr><tr><td>Net debt</td><td>1,819.3</td><td>1,936.4</td></tr><tr><td>Total capital includes:</td><td></td><td></td></tr><tr><td>Net debt</td><td>1,819.3</td><td>1,936.4</td></tr><tr><td>Shareholders' equity</td><td>2,540.0</td><td>2,430.5</td></tr><tr><td>Total capital</td><td>$ 4,359.3</td><td>4,366.9</td></tr><tr><td>Percent of net debt to total capital</td><td>41.7%</td><td>44.3%</td></tr></tbody></table>",35,normal,,D: 0.5-0.8
fintab_000661,medium,0.6383,0.8723,0.426,"<table><thead><tr><th></th><th colspan=""2""></th><th></th></tr></thead><tbody><tr><td></td><td>2014</td><td>2013</td><td>2012</td></tr><tr><td>Other revenue special item; net (1)</td><td></td><td>$ (31)</td><td></td></tr><tr><td>Mainline operating special items, net (2)</td><td>800</td><td>559</td><td>386</td></tr><tr><td>Regional operating special items, net</td><td>24</td><td></td><td></td></tr><tr><td>Nonoperating special items, net (3)</td><td>132</td><td>211</td><td>(280)</td></tr><tr><td>Reorganization items, net (4</td><td></td><td>2,655</td><td>2,208</td></tr><tr><td>Income tax special items, net (5)</td><td>346</td><td>(324)</td><td>(569)</td></tr><tr><td>Total</td><td>S1,302</td><td>83,078</td><td>S1,746</td></tr></tbody></table>",27,normal,,D: 0.5-0.8
fintab_000265,medium,0.8442,0.9351,0.942,"<table><thead><tr><th></th><th colspan=""2""></th><th></th></tr></thead><tbody><tr><td>(in millions)</td><td>2017</td><td>2016</td><td>2015</td></tr><tr><td>Earnings before income taxes:</td><td></td><td></td><td></td></tr><tr><td>Operating companies income:</td><td></td><td></td><td></td></tr><tr><td>European Union</td><td>S 3,775 S</td><td>3,994 S</td><td>3,576</td></tr><tr><td>Eastern Europe, Middle East Africa</td><td>2,888</td><td>3,016</td><td>3,425</td></tr><tr><td>Asia</td><td>4,149</td><td>3,196</td><td>2,886</td></tr><tr><td>Latin America & Canada</td><td>1,002</td><td>938</td><td>1,085</td></tr><tr><td>Amortization of intangibles</td><td>(88)</td><td>(74)</td><td>(82)</td></tr><tr><td>General corporate expenses</td><td>(164)</td><td>(161)</td><td>(162)</td></tr><tr><td>Less:</td><td></td><td></td><td></td></tr><tr><td>Equity (income)/loss in unconsolidated subsidiaries, net</td><td>(59)</td><td>(94)</td><td>(105)</td></tr><tr><td>Operating income</td><td>11,503</td><td>10,815</td><td>10,623</td></tr><tr><td>Interest expense, net</td><td>(914)</td><td>(891)</td><td>(1,008)</td></tr><tr><td>Earnings before income taxes</td><td>S 10,589 S</td><td>9,924 S</td><td>9,615</td></tr></tbody></table>",48,normal,,E: >=0.8
fintab_000055,medium,0.5333,0.7,0.304,"<table><thead><tr><th></th><th colspan=""3""></th><th>31,</th></tr></thead><tbody><tr><td></td><td>2015</td><td></td><td>2014</td><td>2013</td></tr><tr><td>Total Revenues</td><td>$ 990,172</td><td>$</td><td>797,441</td><td>$ 605,293</td></tr><tr><td>Total Expenses</td><td>(830,898)</td><td></td><td>(682,430)</td><td>(538,922)</td></tr><tr><td>Net Income</td><td>$ 159,274</td><td colspan=""2""></td><td>$ 66,371</td></tr></tbody></table>",18,normal,,D: 0.5-0.8
fintab_000303,medium,0.6857,0.7429,0.264,<table><thead><tr><th></th><th></th><th>2010</th><th></th><th></th><th>2009</th><th></th></tr></thead><tbody><tr><td></td><td>AAP</td><td>AI</td><td>Total</td><td>AAP</td><td>AI</td><td>Total</td></tr><tr><td>Comparable Store Sales %</td><td>8.1 %</td><td>7.0%</td><td>8.0%</td><td>5.1 %</td><td>9.9%</td><td>5.3%</td></tr><tr><td>Net Stores Opened</td><td>105</td><td>38</td><td>143</td><td>21</td><td>31</td><td>52</td></tr></tbody></table>,22,normal,,D: 0.5-0.8
fintab_000112,extreme,0.5764,0.8542,1.74,"<table><thead><tr><th></th><th></th><th></th><th colspan=""2"">Years ended December 31 ,</th><th></th><th></th></tr></thead><tbody><tr><td>(Millions of dollars)</td><td>2017</td><td></td><td>2016</td><td></td><td>2015</td><td></td></tr><tr><td>Taxes at U.S. statutory rate _</td><td>$ 1,429</td><td>35.0%</td><td>49</td><td>35.0%</td><td>S 1,203</td><td>35.0%</td></tr><tr><td>(Decreases) increases resulting from:</td><td></td><td></td><td></td><td></td><td></td><td></td></tr><tr><td>Non-U.S. subsidiaries taxed at other than 35%</td><td>(282)</td><td>(6.9)%</td><td>(119)</td><td>(85.6)%</td><td>(236)</td><td>(6.9)%</td></tr><tr><td>State and local taxes, net of federal'</td><td>27</td><td>0.7%</td><td></td><td>(0.7)%</td><td>24</td><td>0.7%</td></tr><tr><td>Interest and penalties, net of tax:</td><td>28</td><td>0.7%</td><td>24</td><td>17.2%</td><td>12</td><td>0.4%</td></tr><tr><td>U.S. research and production incentives</td><td>(52)</td><td>(1.3)%</td><td>(52)</td><td>(37.4)%</td><td>95)</td><td>(2.7)%</td></tr><tr><td>ESOP dividend tax benefit:</td><td>(21)</td><td>(0.5)%</td><td>(27)</td><td>(19.4)%</td><td>(27)</td><td>(0.8)%</td></tr><tr><td>Net excess tax benefits from stock-based compensation_</td><td>(64)</td><td>(1.6)%</td><td></td><td></td><td></td><td></td></tr><tr><td>U.S. deferred tax rate change</td><td>596</td><td>14.6%</td><td></td><td></td><td></td><td></td></tr><tr><td>Mandatory deemed repatriation of non-U.S: earnings</td><td>1,775</td><td>43.5%</td><td></td><td></td><td></td><td></td></tr><tr><td>Valuation allowances</td><td>(111)</td><td>(2.7)%</td><td>141</td><td>101.4%</td><td></td><td></td></tr><tr><td>Nondeductible goodwill? _</td><td></td><td>%</td><td>191</td><td>137.4%</td><td></td><td></td></tr><tr><td>Prior year tax and interest adjustments_</td><td></td><td>%</td><td></td><td>%</td><td>42</td><td>1.2%</td></tr><tr><td>Other net</td><td>14</td><td>0.3%</td><td>(14)</td><td>(10.1)%</td><td></td><td>(0.2)%</td></tr><tr><td>Provision (benefit) for income taxes</td><td>$ 3,339</td><td>81.8%</td><td>192</td><td>137.8%</td><td>916</td><td>26.7%</td></tr><tr><td colspan=""3""></td><td></td><td></td><td></td><td></td></tr></tbody></table>",84,normal,,D: 0.5-0.8
fintab_000368,extreme,0.5398,0.7611,3.521,"<table><thead><tr><th></th><th></th><th>Years ended (1)</th><th></th><th></th><th></th></tr></thead><tbody><tr><td></td><td>Dec: 30, Dec: 31,</td><td>Dec: 25,</td><td>Dec: 27,</td><td>Dec:</td><td>28,</td></tr><tr><td></td><td>2006 2005</td><td>2004</td><td>2003</td><td colspan=""2"">2002</td></tr><tr><td></td><td></td><td>in thousands, except per share data)</td><td></td><td></td><td></td></tr><tr><td>Consolidated Statements of</td><td></td><td></td><td></td><td></td><td></td></tr><tr><td>Income Data:</td><td></td><td></td><td></td><td></td><td></td></tr><tr><td>Net sales</td><td>S1,774,000 S1,027,773</td><td>8762,549</td><td>S572,989</td><td colspan=""2"">S465,144</td></tr><tr><td>Cost of goods sold</td><td>891,614 492,703</td><td>351,310</td><td>242,448</td><td colspan=""2""></td></tr><tr><td>Gross profit</td><td>882,386 535,070</td><td>411,239</td><td>330,541</td><td colspan=""2""></td></tr><tr><td>Operating expenses:</td><td></td><td></td><td></td><td></td><td></td></tr><tr><td>Selling; general and</td><td></td><td></td><td></td><td></td><td></td></tr><tr><td>administrative</td><td>214,513 122,021</td><td>78,991</td><td>59,835</td><td colspan=""2""></td></tr><tr><td>Research and development</td><td>113,314 74,879</td><td>61,580</td><td>43,706</td><td colspan=""2""></td></tr><tr><td>Total operating expenses</td><td>327,827 196,900</td><td>140,571</td><td>103,541</td><td colspan=""2""></td></tr><tr><td>Operating income</td><td>554,559 338,170</td><td>270,668</td><td>227,000</td><td colspan=""2""></td></tr><tr><td>Other income/(expense) , net (2), (3)</td><td>39,995 34,430</td><td>(15.457)</td><td>(1,057)</td><td colspan=""2""></td></tr><tr><td>Income before income taxes</td><td>594,554 372,600</td><td>255,211</td><td>225,943</td><td colspan=""2""></td></tr><tr><td>Income tax provision</td><td>80,431 61,381</td><td>49,511</td><td>47,309</td><td colspan=""2""></td></tr><tr><td>Net income</td><td>S514,123 S311,219</td><td>S 205,700</td><td>S 178,634</td><td colspan=""2"">S142,797</td></tr><tr><td>Net income per share:</td><td></td><td></td><td></td><td></td><td></td></tr><tr><td>Basic</td><td>82.38 S1.44</td><td>S0.95</td><td>S0.83</td><td colspan=""2""></td></tr><tr><td>Diluted</td><td>S2.35 S1.43</td><td>S0.94</td><td>S0.82</td><td colspan=""2""></td></tr><tr><td>Weighted average common</td><td></td><td></td><td></td><td></td><td></td></tr><tr><td>shares outstanding:</td><td></td><td></td><td></td><td></td><td></td></tr><tr><td>Basic</td><td>216,340 216,294</td><td>216,322</td><td>216,022</td><td colspan=""2""></td></tr><tr><td>Diluted</td><td>218,845 218,236</td><td>218,060</td><td>217,804</td><td colspan=""2""></td></tr><tr><td>Cash dividends per share</td><td>S0.50 S0.25</td><td>S0.25</td><td>S0.25</td><td colspan=""2""></td></tr><tr><td>Balance Sheet Data (at end of</td><td></td><td></td><td></td><td></td><td></td></tr><tr><td>Period):</td><td></td><td></td><td></td><td></td><td></td></tr><tr><td>Cash and cash equivalents</td><td>S337,321 S334,352</td><td>S249,909</td><td>S274,329</td><td colspan=""2"">S216,768</td></tr><tr><td>Marketable securities</td><td>480,876 376,723</td><td>322,215</td><td>221,447</td><td colspan=""2""></td></tr><tr><td>Total assets</td><td>1,897,020 1,362,235</td><td>1,117,391</td><td>856,945</td><td colspan=""2""></td></tr><tr><td>Total debt (5)</td><td>248</td><td></td><td></td><td colspan=""2""></td></tr><tr><td>Total stockholders' equity</td><td>1,557,899 1,157,264</td><td>935,857</td><td>749,690</td><td colspan=""2""></td></tr></tbody></table>",123,normal,,D: 0.5-0.8
fintab_001062,medium,0.6618,0.7794,0.757,"<table><thead><tr><th></th><th>Operating</th><th>Operating</th><th>Net Income</th></tr><tr><th></th><th>Revenues</th><th>Income</th><th>(Loss)</th></tr><tr><th></th><th></th><th>In millions)</th><th></th></tr></thead><tbody><tr><td>2010</td><td></td><td></td><td></td></tr><tr><td>First Quarter(a)</td><td>2,157.6</td><td>244.4</td><td>(179.9)</td></tr><tr><td>Second Quarter _</td><td>1,990.9</td><td>405.4</td><td>260.3</td></tr><tr><td>Third Quarter(b)</td><td>2,088.2</td><td>181.1</td><td>52.6</td></tr><tr><td>Fourth Quarter</td><td>1,953.9</td><td>449.8</td><td>166.6</td></tr><tr><td>2009</td><td></td><td></td><td></td></tr><tr><td>First Quarter</td><td>1,828.9</td><td>309.9</td><td>S 144.9</td></tr><tr><td>Second Quarter _</td><td>1,693.3</td><td>346.7</td><td>209.1</td></tr><tr><td>Third Quarter</td><td>1,712.3</td><td>391.2</td><td>229.4</td></tr><tr><td>Fourth Quarter</td><td>1,950.7</td><td>359.4</td><td>189.7</td></tr></tbody></table>",41,nested_column,,D: 0.5-0.8
fintab_000158,medium,0.4865,0.8108,1.688,<table><thead><tr><th></th><th></th><th>Page</th></tr><tr><th></th><th>Part l</th><th></th></tr></thead><tbody><tr><td>Item 1 Business</td><td></td><td></td></tr><tr><td>Item IA Risk Factors</td><td></td><td>8</td></tr><tr><td>Item IB Unresolved Staff Comments</td><td></td><td>16</td></tr><tr><td>Item 2 Properties</td><td></td><td>17</td></tr><tr><td>Item 3 Legal Proceedings</td><td></td><td>17</td></tr><tr><td>Item 4 Mine Safety Disclosures</td><td></td><td>17</td></tr><tr><td></td><td>Part II</td><td></td></tr><tr><td>Item 5</td><td>Market for Registrant's Common Equity_Related Stockholder Matters and Issuer Purchases of Equity</td><td></td></tr><tr><td>Securities</td><td></td><td>18</td></tr><tr><td>Item 6 Selected Financial Data</td><td></td><td>21</td></tr><tr><td>Item Z</td><td>Management's Discussion and Analysis_of Financial Condition and Results of Qperations</td><td>22</td></tr><tr><td>ItemZA</td><td>Quantitative and Qualitative Disclosures About Market Risk</td><td>36</td></tr><tr><td>Item 8</td><td>Financial Statements and Supplementary Data</td><td>38</td></tr><tr><td>Item 9</td><td>Changes _in and Disagreements_with Accountants on Accounting and Financial Disclosure</td><td>72</td></tr><tr><td>Item 9A Controls and Procedures</td><td></td><td>72</td></tr><tr><td>Item 9B Other Information</td><td></td><td>72</td></tr><tr><td></td><td>Part III</td><td></td></tr><tr><td>Item 10.</td><td>DirectorsExecutive Qfficers and Corporate Governance</td><td>73</td></tr><tr><td>Item 11 Executive Compensation</td><td></td><td>73</td></tr><tr><td>Item 12.</td><td>Security Ownership of Certain Beneficial Owners and Management and Related Stockholder Matters</td><td>73</td></tr><tr><td>Item 13.</td><td>Certain Relationships and Related Transactions_and Director Independence</td><td>73</td></tr><tr><td>Item 14</td><td>Principal Accounting Fees and Services</td><td>73</td></tr><tr><td></td><td>Part IV</td><td></td></tr><tr><td>Item 15</td><td>Exhibits_Financial Statement Schedules</td><td>74</td></tr><tr><td>Item 16 Form 10-K Summary</td><td></td><td>76</td></tr></tbody></table>,57,nested_column,,C: 0.3-0.5
fintab_000901,extreme,0.5647,0.8588,0.833,"<table><thead><tr><th></th><th></th><th colspan=""3""></th><th></th></tr></thead><tbody><tr><td></td><td>2017</td><td>2016</td><td>2015</td><td>2014</td><td>2013</td></tr><tr><td>Total Non-GAAP adjustments</td><td>S 297.7</td><td>$ 230.4</td><td>S 165.2</td><td>$ 268.0</td><td>$ 295.0</td></tr><tr><td>Weighted-average statutory effective rate</td><td>36.0%</td><td>36.0%</td><td>38.0%</td><td>39.0%</td><td>39.0%</td></tr><tr><td>Income tax</td><td>(107.2)</td><td>(82.9)</td><td>(62.8)</td><td>(104.5)</td><td>(115.1)</td></tr><tr><td>Deferred tax adjustment due to law changes</td><td>1.3</td><td>(1.5)</td><td>(4.0)</td><td></td><td></td></tr><tr><td>Excess tax benefits from equity-based compensation</td><td>(36.2)</td><td>(1.8)</td><td></td><td></td><td></td></tr><tr><td>Tax Cuts and Jobs Act</td><td>(75.5)</td><td></td><td></td><td></td><td></td></tr><tr><td>Withholding tax expense on the unremitted</td><td>earnings of our Canadian</td><td></td><td></td><td></td><td></td></tr><tr><td>subsidiary</td><td></td><td></td><td>3.3</td><td></td><td></td></tr><tr><td>Non-deductible adjustments and other</td><td>2.7</td><td>0.4</td><td>(1.3)</td><td>1.5</td><td>1.6</td></tr><tr><td>Total aggregate adjustment for income taxes</td><td>S(214.9)</td><td>$ (85.8)</td><td>S (64.8)</td><td>S(103.0)</td><td>S(113.5)</td></tr></tbody></table>",49,normal,,D: 0.5-0.8
fintab_000371,medium,0.6491,0.8772,0.601,"<table><thead><tr><th></th><th colspan=""2"">Fiscal year ended December 30,2006</th><th colspan=""2"">Fiscal year ended December 31, 2005</th><th>Year over Year</th><th></th></tr></thead><tbody><tr><td></td><td>Gross Profit</td><td>% of Revenues</td><td>Gross Profit</td><td>% of Revenues</td><td>S Change_</td><td>% Change_</td></tr><tr><td>Outdoor/Fitness</td><td>S163.638</td><td>57.3%</td><td>S124,791</td><td>52.7%1</td><td>838,.847</td><td>31.1%</td></tr><tr><td>Marine</td><td>92,952</td><td>55.8%</td><td>80,951</td><td>51.2%</td><td>12,001</td><td>14.8%</td></tr><tr><td>AutomotivelMobile</td><td>475,191</td><td>43.6%</td><td>177,638</td><td>44.0%1</td><td>297,553</td><td>167.5%</td></tr><tr><td>Aviation</td><td>150,605</td><td></td><td>151,690</td><td>66.2%</td><td>(1,085,2</td><td>-0.7%</td></tr><tr><td>Total</td><td>S882,386</td><td>49.7%</td><td>S535,070</td><td>52.1%</td><td>S347,316</td><td>64.9%</td></tr></tbody></table>",43,normal,,D: 0.5-0.8
fintab_001098,medium,0.8333,0.881,0.35,"<table><thead><tr><th></th><th colspan=""2""></th><th></th></tr></thead><tbody><tr><td></td><td>2016</td><td>2015</td><td>2014</td></tr><tr><td>Productive</td><td></td><td></td><td></td></tr><tr><td>Development</td><td>40</td><td>87</td><td>84</td></tr><tr><td>Exploratory</td><td>3</td><td>20</td><td>10</td></tr><tr><td>Total Productive</td><td>43</td><td>107</td><td>94</td></tr><tr><td>Dry Exploratory</td><td></td><td></td><td>1</td></tr><tr><td>Total Wells</td><td>43</td><td>107</td><td>95</td></tr></tbody></table>",23,normal,,E: >=0.8
fintab_001087,medium,0.1351,0.5495,3.181,"<table><thead><tr><th></th><th>Asset derivatives</th><th colspan=""2"">Liability derivatives</th></tr></thead><tbody><tr><td></td><td>December 31,</td><td>December 31,</td><td></td></tr><tr><td></td><td>2016 2015</td><td>2016</td><td>2015</td></tr><tr><td>Location</td><td>Fair value</td><td>Fair value</td><td></td></tr><tr><td>Derivatives designated as</td><td></td><td></td><td></td></tr><tr><td>hedging contracts</td><td></td><td></td><td></td></tr><tr><td>Natural gas and crude derivative Fair value of derivative contracts/</td><td></td><td></td><td></td></tr><tr><td>contracts (Other current liabilities)</td><td>S 101 S 359</td><td>S (57) S</td><td>(13)</td></tr><tr><td>Deferred charges and other assets/</td><td></td><td></td><td></td></tr><tr><td>(Other long-term liabilities and</td><td></td><td></td><td></td></tr><tr><td>deferred credits)</td><td>70 244</td><td>(24)</td><td></td></tr><tr><td>Subtotal</td><td>171 603</td><td>(81)</td><td>13)</td></tr><tr><td>Fair value of derivative contracts/</td><td></td><td></td><td></td></tr><tr><td>Interest rate swap agreements (Other current liabilities)</td><td>94 111</td><td></td><td></td></tr><tr><td>Deferred charges and other assets</td><td></td><td></td><td></td></tr><tr><td>(Other long-term liabilities and</td><td></td><td></td><td></td></tr><tr><td>deferred credits)</td><td>206 273</td><td>(57)</td><td></td></tr><tr><td>Subtotal</td><td>300 384</td><td>(57)</td><td></td></tr><tr><td>Fair value of derivative contracts/</td><td></td><td></td><td></td></tr><tr><td>Cross-currency swap agreements (Other current liabilities)</td><td></td><td></td><td>(6)</td></tr><tr><td>Deferred charges and other assets</td><td></td><td></td><td></td></tr><tr><td>(Other long-term liabilities and</td><td></td><td></td><td></td></tr><tr><td>deferred credits)</td><td></td><td>(24)</td><td>(46)</td></tr><tr><td>Subtotal</td><td></td><td>(31)</td><td>(52)</td></tr><tr><td>Total</td><td>471 987</td><td>(169)</td><td>74)</td></tr><tr><td>Derivatives not designated as</td><td></td><td></td><td></td></tr><tr><td>hedging contracts</td><td></td><td></td><td></td></tr><tr><td>Natural gas, crude, NGL and other Fair value of derivative contracts/</td><td></td><td></td><td></td></tr><tr><td>derivative contracts (Other current liabilities)</td><td>3 35</td><td>(29)</td><td></td></tr><tr><td>Deferred charges and other assets/</td><td></td><td></td><td></td></tr><tr><td>(Other long-term liabilities and</td><td></td><td></td><td></td></tr><tr><td>deferred credits)</td><td></td><td></td><td></td></tr><tr><td>Subtotal</td><td>3 35</td><td>(30)</td><td></td></tr><tr><td>Fair value of derivative contracts/</td><td></td><td></td><td></td></tr><tr><td>Interest rate swap agreements (Other current liabilities)</td><td></td><td></td><td>(11)</td></tr><tr><td>Deferred charges and other assets/</td><td></td><td></td><td></td></tr><tr><td>(Other long-term liabilities and</td><td></td><td></td><td></td></tr><tr><td>deferred credits)</td><td></td><td></td><td>(5)</td></tr><tr><td>Subtotal</td><td></td><td></td><td>(16)</td></tr><tr><td>Fair value of derivative contracts/</td><td></td><td></td><td></td></tr><tr><td>Power derivative contracts (Other current liabilities)</td><td></td><td></td><td>(17)</td></tr><tr><td>Subtotal</td><td></td><td></td><td>(17)</td></tr><tr><td>Total</td><td>3 37</td><td>(30)</td><td>(34)</td></tr><tr><td>Total derivatives</td><td>S 474 S 1,024</td><td>S (199) S</td><td>(108)</td></tr></tbody></table>",86,normal,,B: <0.3
fintab_001260,extreme,0.3307,0.7158,5.137,"<table><thead><tr><th></th><th></th><th></th><th></th><th></th><th colspan=""3""></th><th></th><th></th><th></th></tr></thead><tbody><tr><td></td><td></td><td>2017</td><td></td><td>2016</td><td></td><td>2015</td><td></td><td>2014</td><td></td><td>2013</td></tr><tr><td></td><td></td><td></td><td colspan=""6""></td><td></td><td></td></tr><tr><td>Operating Data:</td><td></td><td></td><td></td><td></td><td></td><td></td><td></td><td></td><td></td><td></td></tr><tr><td>Rental income</td><td>S</td><td>841,461</td><td>S</td><td>786,583</td><td>S</td><td>727,812</td><td>S</td><td>666,322</td><td>S</td><td>620,089</td></tr><tr><td>Property operating income(1)</td><td>S</td><td>584,619</td><td>S</td><td>547,979</td><td>S</td><td>510,595</td><td>S</td><td>474,167</td><td>S</td><td>446,959</td></tr><tr><td>Operating income</td><td>S</td><td>332,288</td><td>S</td><td>320,995</td><td>S</td><td>300,154</td><td>S</td><td>271,037</td><td>S</td><td>254,161</td></tr><tr><td>Income from continuing operations</td><td>S</td><td>219,948</td><td>S</td><td>226,425</td><td>S</td><td>190,094</td><td>S</td><td>167,888</td><td>S</td><td>137,811</td></tr><tr><td>Gain on sale of real estate and change in control of</td><td></td><td></td><td></td><td></td><td></td><td></td><td></td><td></td><td></td><td></td></tr><tr><td>interests, net</td><td>S</td><td>77,922</td><td>S</td><td>32,458</td><td>S</td><td>28,330</td><td>S</td><td>4,401</td><td>S</td><td>28,855</td></tr><tr><td>Net income</td><td>S</td><td>297,870</td><td>S</td><td>258,883</td><td>S</td><td>218,424</td><td>S</td><td>172,289</td><td>S</td><td>167,608</td></tr><tr><td>Net income available for common shareholders</td><td>S</td><td>287,456</td><td>S</td><td>249,369</td><td>S</td><td>209,678</td><td>S</td><td>163,994</td><td>S</td><td>162,140</td></tr><tr><td>Net cash provided by operating activities</td><td>S</td><td>459,177</td><td>S</td><td>423,705</td><td>S</td><td>369,046</td><td>S</td><td>349,465</td><td>S</td><td>316,340</td></tr><tr><td>Net cash used in investing activities</td><td colspan=""2""></td><td colspan=""2""></td><td colspan=""2""></td><td colspan=""2""></td><td colspan=""2""></td></tr><tr><td>Net cash provided by (used in) financing activities</td><td>S</td><td>369, ,445</td><td>S</td><td>168,838</td><td>S</td><td>(42,188)</td><td>S</td><td>5,709</td><td>S</td><td>80,797</td></tr><tr><td>Earnings per common share, basic:</td><td></td><td></td><td></td><td></td><td></td><td></td><td></td><td></td><td></td><td></td></tr><tr><td>Net income available to common shareholders</td><td></td><td>3.97</td><td>S</td><td>3.51</td><td></td><td>3.04</td><td>S</td><td>2.42</td><td>S</td><td>2.47</td></tr><tr><td>Weighted average number of common shares,</td><td></td><td></td><td></td><td></td><td></td><td></td><td></td><td></td><td></td><td></td></tr><tr><td>basic</td><td></td><td>72,117</td><td></td><td>70,877</td><td></td><td>68,797</td><td></td><td>67,322</td><td></td><td>65,331</td></tr><tr><td>Earnings per common share, diluted:</td><td></td><td></td><td></td><td></td><td></td><td></td><td></td><td></td><td></td><td></td></tr><tr><td>Net income available to common shareholders</td><td></td><td>3.97</td><td></td><td>3.50</td><td></td><td>3.03</td><td></td><td>2.41</td><td></td><td>2.46</td></tr><tr><td>Weighted average number of common shares,</td><td></td><td></td><td></td><td></td><td></td><td></td><td></td><td></td><td></td><td></td></tr><tr><td>diluted</td><td></td><td>72,233</td><td></td><td>71,049</td><td></td><td>68,981</td><td></td><td>67,492</td><td></td><td>65,483</td></tr><tr><td>Dividends declared per common share</td><td>S</td><td>3.96</td><td>S</td><td>3.84</td><td>S</td><td>3.62</td><td>S</td><td>3.30</td><td>S</td><td>3.02</td></tr><tr><td>Other Data:</td><td></td><td></td><td></td><td></td><td></td><td></td><td></td><td></td><td></td><td></td></tr><tr><td>Funds from operations available to common</td><td></td><td></td><td></td><td></td><td></td><td></td><td></td><td></td><td></td><td></td></tr><tr><td>shareholders(2)</td><td>S</td><td>419,977</td><td>S</td><td>406,359</td><td>S</td><td>352,857</td><td>S</td><td>327,597</td><td>S</td><td>289,938</td></tr><tr><td>EBITDA(3)</td><td>S</td><td>627,656</td><td>S</td><td>547,088</td><td>S</td><td>504,696</td><td>S</td><td>447,495</td><td>S</td><td>446,555</td></tr><tr><td>Adjusted EBITDA(3)</td><td>S</td><td>548,311</td><td>S</td><td>514,630</td><td>S</td><td>476,366</td><td>S</td><td>443,094</td><td>S</td><td>417,700</td></tr><tr><td>Ratio of EBITDA to combined fixed charges and</td><td></td><td></td><td></td><td></td><td></td><td></td><td></td><td></td><td></td><td></td></tr><tr><td>preferred share dividends(3)(4)</td><td></td><td>4.4 X</td><td></td><td>4.8</td><td>X</td><td>3.9</td><td>X</td><td>3.5</td><td>X</td><td>3.3</td></tr><tr><td>Ratio of Adjusted EBITDA to combined fixed</td><td></td><td></td><td></td><td></td><td></td><td></td><td></td><td></td><td></td><td></td></tr><tr><td>charges and preferred share dividends(3)(4)</td><td></td><td>3.9 X</td><td></td><td>4.5 X</td><td></td><td>3.6 X</td><td></td><td>3.5 X</td><td></td><td>3.1</td></tr></tbody></table>",208,normal,,C: 0.3-0.5
fintab_000970,medium,0.2236,0.4534,1.263,"<table><thead><tr><th></th><th>Common Stock Preferred Stock</th><th>Treasury Stock</th></tr><tr><th>S and shares in millions)</th><th>Value Shares Value Shares</th><th>Value Shares</th></tr></thead><tbody><tr><td>Shares at December 31, 2005</td><td>S1,295 583 S9</td><td>S1,279 28</td></tr><tr><td>Shares acquired for treasury</td><td></td><td>82 2</td></tr><tr><td>Stock-based awards exercised, including shares issued</td><td></td><td>84) (2)</td></tr><tr><td>Restricted stock grants_</td><td></td><td>(45) (4)</td></tr><tr><td>Shares at December 31,2006</td><td>S1,295 583</td><td>S1,232 27</td></tr><tr><td>Shares acquired for treasury</td><td></td><td>1,084 27</td></tr><tr><td>Stock-based awards exercised, including treasury shares issued</td><td></td><td>'86)</td></tr><tr><td>Restricted stock grants</td><td></td><td>'59) (</td></tr><tr><td>Employee stock ownership through benefit plans</td><td></td><td>38</td></tr><tr><td>Shares at December 31,2007</td><td>S1,295 583</td><td>S2,209 52</td></tr><tr><td>Issuance of preferred shares, Series G</td><td>1,072</td><td></td></tr><tr><td>Issuance of preferred shares, Series F</td><td>3,169</td><td></td></tr><tr><td>Redemption of preferred shares, Series D, E</td><td></td><td></td></tr><tr><td>Stock-based awards exercised, including treasury shares issued</td><td></td><td></td></tr><tr><td>Restricted stock grants</td><td></td><td>(136) (3)</td></tr><tr><td>Shares issued in business combinations</td><td></td><td>(1,841) (43)</td></tr><tr><td>Employee stock ownership through benefit plans</td><td></td><td></td></tr><tr><td>Shares at December 31,2008</td><td>S1,295 583 84,241</td><td>S229</td></tr></tbody></table>",42,nested_column,,B: <0.3
fintab_000601,medium,0.6528,0.8889,0.781,"<table><thead><tr><th></th><th colspan=""2""></th><th></th></tr></thead><tbody><tr><td></td><td>2013</td><td>2012</td><td>2011</td></tr><tr><td></td><td></td><td>(in millions)</td><td></td></tr><tr><td>Notional U.S. federal income taxes at statutory rate</td><td>533 S</td><td>471 S</td><td>527</td></tr><tr><td>Income taxed at other rates</td><td>(281)</td><td>(200)</td><td>(225)</td></tr><tr><td>Change in valuation allowance _</td><td></td><td>(29)</td><td>(52)</td></tr><tr><td>Other change in tax reserves</td><td>(13)</td><td>(13)</td><td>17</td></tr><tr><td>Withholding taxes _</td><td>56</td><td>22</td><td>56</td></tr><tr><td>Tax credits.</td><td>(58)</td><td>(13)</td><td>(26)</td></tr><tr><td>Change in tax law</td><td>15</td><td></td><td>13</td></tr><tr><td>Tax settlements</td><td></td><td>(26)</td><td></td></tr><tr><td>Other adjustments_</td><td></td><td></td><td>5</td></tr><tr><td>Total income tax expense</td><td>256 S</td><td>212 S</td><td>305</td></tr><tr><td>Effective tax rate</td><td>17%</td><td>16%</td><td>20%</td></tr></tbody></table>",43,normal,,D: 0.5-0.8
fintab_000488,medium,0.7619,0.8571,0.697,"<table><thead><tr><th></th><th></th><th>Year Ended December 31:</th><th></th></tr></thead><tbody><tr><td></td><td>2014</td><td>2013</td><td>2012</td></tr><tr><td></td><td></td><td>(Dollars in thousands)</td><td></td></tr><tr><td>Depreciation and Amortization</td><td></td><td></td><td></td></tr><tr><td>Vascular North America</td><td>S 31,782 S</td><td>28,719 S</td><td>23,063</td></tr><tr><td>Anesthesia/Respiratory North America</td><td>17,109</td><td>13,162</td><td>7,955</td></tr><tr><td>Surgical North America</td><td>6,316</td><td>10,549</td><td>3,646</td></tr><tr><td>EMEA</td><td>38,062</td><td>29,947</td><td>22,975</td></tr><tr><td>Asia</td><td>8,515</td><td>4,960</td><td>3,653</td></tr><tr><td>OEM</td><td>6,175</td><td>4,876</td><td>4,083</td></tr><tr><td>All other</td><td>19,071</td><td>15,722</td><td>29,509</td></tr><tr><td>Consolidated depreciation and amortization</td><td>S 127.030 S</td><td>107.935 S</td><td>94,884</td></tr></tbody></table>",38,normal,,D: 0.5-0.8
fintab_001214,medium,0.7568,0.8919,0.49,"<table><thead><tr><th></th><th colspan=""2""></th></tr></thead><tbody><tr><td></td><td>2007</td><td>2006</td></tr><tr><td></td><td colspan=""2""></td></tr><tr><td>Cash provided by operating activities</td><td>$ 214,209</td><td>$ 186,654</td></tr><tr><td>Cash used in investing activities</td><td>(151,439)</td><td>(317,429)</td></tr><tr><td>Cash (used in) provided by financing activities</td><td>(23,574)</td><td>133,631</td></tr><tr><td>Increase in cash and cash equivalents</td><td>39,196</td><td>2,856</td></tr><tr><td>Cash and cash equivalents, beginning of year</td><td>11,495</td><td>8,639</td></tr><tr><td>Cash and cash equivalents, end of year</td><td>S 50,691</td><td>$ 11,495</td></tr></tbody></table>",22,normal,,D: 0.5-0.8
fintab_001255,medium,0.1818,0.2782,3.152,"<table><thead><tr><th></th><th></th><th></th><th>Square</th><th></th><th></th><th></th></tr></thead><tbody><tr><td></td><td></td><td></td><td>Feet(1) /</td><td>Average Rent</td><td></td><td></td></tr><tr><td></td><td>Year</td><td>Year</td><td>Apartment</td><td>Per Square</td><td>Percentage</td><td></td></tr><tr><td>Property, City, State, Zip Code</td><td>Completed</td><td>Acquired</td><td>Units</td><td>Foot(2)</td><td>Leased(3)</td><td>Principal Tenant(s)</td></tr><tr><td>Idylwood Plaza</td><td>1991</td><td>1994</td><td>73,000</td><td>S47.24</td><td>95%</td><td>Whole Foods</td></tr><tr><td>Falls Church; VA 22030</td><td></td><td></td><td></td><td></td><td></td><td></td></tr><tr><td>Leesburg Plaza</td><td>1967</td><td>1998</td><td>236,000</td><td>S22.80</td><td>93%</td><td>Giant Food</td></tr><tr><td>Leesburg, VA 20176</td><td></td><td></td><td></td><td></td><td></td><td>Petsmart</td></tr><tr><td></td><td></td><td></td><td></td><td></td><td></td><td>Gold's Gym</td></tr><tr><td></td><td></td><td></td><td></td><td></td><td></td><td>Office Depot</td></tr><tr><td>Mount Vernon/South Valley/</td><td>1966,</td><td>2003/2006</td><td>570,000</td><td>S17.91</td><td>95%</td><td>Shoppers Food Warehouse</td></tr><tr><td>7770 Richmond Hwy</td><td>1972,1987</td><td></td><td></td><td></td><td></td><td>TJ Maxx</td></tr><tr><td>Alexandria; VA 22306(4)(6)</td><td>2001</td><td></td><td></td><td></td><td></td><td>Home Depot</td></tr><tr><td></td><td></td><td></td><td></td><td></td><td></td><td>Bed, Bath & Beyond</td></tr><tr><td></td><td></td><td></td><td></td><td></td><td></td><td>Results Fitness</td></tr><tr><td>Old Keene Mill</td><td>1968</td><td>1976</td><td>92,000</td><td>S39.08</td><td>97%</td><td>Whole Foods</td></tr><tr><td>Springfield, VA 22152</td><td></td><td></td><td></td><td></td><td></td><td>Walgreens</td></tr><tr><td></td><td></td><td></td><td></td><td></td><td></td><td>Planet Fitness</td></tr><tr><td>Pan Am</td><td>1979</td><td>1993</td><td>227,000</td><td>S25.37</td><td>100%</td><td>Safeway</td></tr><tr><td>Fairfax, VA 22031</td><td></td><td></td><td></td><td></td><td></td><td>Micro Center</td></tr><tr><td></td><td></td><td></td><td></td><td></td><td></td><td>CVS</td></tr><tr><td></td><td></td><td></td><td></td><td></td><td></td><td>Michaels</td></tr><tr><td>Pentagon Row</td><td>2001-2002</td><td>1998/2010</td><td>299,000</td><td>S36.25</td><td>87%</td><td>Harris Teeter</td></tr><tr><td>Arlington, VA 22202</td><td></td><td></td><td></td><td></td><td></td><td>TJ Maxx</td></tr><tr><td></td><td></td><td></td><td></td><td></td><td></td><td>Bed, Bath & Beyond</td></tr><tr><td></td><td></td><td></td><td></td><td></td><td></td><td>DSW</td></tr><tr><td>Pike 7 Plaza</td><td>1968</td><td>1997/2015</td><td>164,000</td><td>S46.10</td><td>100%</td><td>TJ Maxx</td></tr><tr><td>Vienna, VA 22180</td><td></td><td></td><td></td><td></td><td></td><td>DSW</td></tr><tr><td></td><td></td><td></td><td></td><td></td><td></td><td>Crunch Fitness</td></tr><tr><td></td><td></td><td></td><td></td><td></td><td></td><td>Staples</td></tr><tr><td>Tower Shopping Center</td><td>1960</td><td>1998</td><td>112,000</td><td>825.73</td><td>88%</td><td>LA Mart</td></tr><tr><td>Springfield, VA 22150</td><td></td><td></td><td></td><td></td><td></td><td>Talbots</td></tr><tr><td></td><td></td><td></td><td></td><td></td><td></td><td>Total Wine & More</td></tr><tr><td>Tyson's Station</td><td>1954</td><td>1978</td><td>50,000</td><td>S46.32</td><td>87%</td><td>Trader Joe's</td></tr><tr><td>Falls Church, VA 22043</td><td></td><td></td><td></td><td></td><td></td><td></td></tr><tr><td>Village at Shirlington</td><td>1940</td><td>1995</td><td>266,000</td><td>S38.57</td><td>90%</td><td>Harris Teeter</td></tr><tr><td>Arlington, VA 22206(4)</td><td>2006-2009</td><td></td><td></td><td></td><td></td><td>AMC</td></tr><tr><td></td><td></td><td></td><td></td><td></td><td></td><td>Carlyle Grand Cafe</td></tr><tr><td>Willow Lawn</td><td>1957</td><td>1983</td><td>463,000</td><td>S19.61</td><td>99%</td><td>Kroger</td></tr><tr><td>Richmond, VA 23230</td><td></td><td></td><td></td><td></td><td></td><td>Old Navy</td></tr><tr><td></td><td></td><td></td><td></td><td></td><td></td><td>Ross Dress For Less</td></tr><tr><td></td><td></td><td></td><td></td><td></td><td></td><td>Gold's Gym</td></tr><tr><td></td><td></td><td></td><td></td><td></td><td></td><td>DSW</td></tr><tr><td>Total AlI Regions Retail(9)</td><td></td><td></td><td>24,206,000</td><td>526.90</td><td>95%</td><td></td></tr><tr><td>Total All Regions Residential</td><td></td><td></td><td>2,310 units</td><td></td><td>94%</td><td></td></tr></tbody></table>",140,normal,,B: <0.3
fintab_000365,medium,0.7702,0.9597,4.778,"<table><thead><tr><th></th><th></th><th>Fiscal Year Ended</th><th></th></tr></thead><tbody><tr><td></td><td>December 30,</td><td>December 31,</td><td>December 25,</td></tr><tr><td></td><td>2006</td><td>2005</td><td>2004</td></tr><tr><td>Operating Activities:</td><td></td><td></td><td></td></tr><tr><td>Net income</td><td>S514.123</td><td>S311.219</td><td>S205.700</td></tr><tr><td>Adjustments to reconcile net income to net cash provided</td><td></td><td></td><td></td></tr><tr><td>by operating activities:</td><td></td><td></td><td></td></tr><tr><td>Depreciation</td><td>21,535</td><td>18.693</td><td>13.069</td></tr><tr><td>Amortization</td><td>22,940</td><td>24,903</td><td>21,530</td></tr><tr><td>Gain 0n sale of property and equipment</td><td>67</td><td>37</td><td>191</td></tr><tr><td>Provision for doubtful accounts</td><td>955</td><td>445</td><td>187</td></tr><tr><td>Provision for obsolete and slow-moving inventories</td><td>23,245</td><td>14,755</td><td>7.158</td></tr><tr><td>Foreign currency transaction gains/losses</td><td>(344)</td><td>(13,957)</td><td>19,736</td></tr><tr><td>Deferred income taxes</td><td>(35,060)</td><td>8,833</td><td>(7,951)</td></tr><tr><td>Stock appreciation rights</td><td>11,913</td><td>925</td><td></td></tr><tr><td>Realized gains on marketable securities</td><td>(3,852)</td><td></td><td></td></tr><tr><td>Changes in operating assets and liabilities, net of acquisition:</td><td></td><td></td><td></td></tr><tr><td>Accounts receivable</td><td>(230.141)</td><td>(61,607)</td><td>(27,086)</td></tr><tr><td>Inventories</td><td>(92,708)</td><td>(61,262)</td><td>(61,534)</td></tr><tr><td>Prepaid expenses and other current assets</td><td>(4.357)</td><td>(16,021)</td><td>(3,190)</td></tr><tr><td>Purchase of licenses</td><td>(2,950)</td><td>(4,192)</td><td>(32,796)</td></tr><tr><td>Accounts payable</td><td>10.187</td><td>24,127</td><td>10,638</td></tr><tr><td>Accrued expenses</td><td>97.167</td><td>4.283</td><td>26.424</td></tr><tr><td>Income taxes payable</td><td>29,105</td><td>(4.176)</td><td>36,860</td></tr><tr><td>Net cash provided by operating activities</td><td>361.855</td><td>247.005</td><td>208.936</td></tr><tr><td>Investing activities:</td><td></td><td></td><td></td></tr><tr><td>Purchases of property and equipment</td><td>(92,906)</td><td>(27.130)</td><td>(78,145)</td></tr><tr><td>Proceeds from sale of property and equipment</td><td>76</td><td></td><td>25</td></tr><tr><td>Purchase of intangible assets</td><td>(3,115)</td><td>(3.560)</td><td>(1,791)</td></tr><tr><td>Purchase of marketable securities</td><td>(453,085)</td><td>(342,359)</td><td>(293,780)</td></tr><tr><td>Sales of marketable securities</td><td>359,313</td><td>283,253</td><td>189.221</td></tr><tr><td>Purchase of Dynastream Innovations, Inc.</td><td>(36.499)</td><td></td><td></td></tr><tr><td>Purchase of MotionBased Technologies</td><td></td><td>(1,483)</td><td></td></tr><tr><td>Change in restricted cash</td><td>(169)</td><td>98</td><td>153</td></tr><tr><td>Net cash used in investing activities</td><td>(226,385)</td><td>(91,181)</td><td>(184,317)</td></tr><tr><td>Financing aetivities:</td><td></td><td></td><td></td></tr><tr><td>Dividends</td><td>(107,923)</td><td>(53,974)</td><td>(54,095)</td></tr><tr><td>Payment on long-term debt</td><td>(11)</td><td></td><td></td></tr><tr><td>Proceeds from issuance of common stock through</td><td></td><td></td><td></td></tr><tr><td>stock purchase plan</td><td>3,569</td><td>2,824</td><td>2,691</td></tr><tr><td>Proceeds from issuance of common stock from</td><td></td><td></td><td></td></tr><tr><td>exercise of stock options</td><td>12,505</td><td>6,866</td><td>3,440</td></tr><tr><td>Tax benefit related to stock option exercise</td><td>9.660</td><td></td><td></td></tr><tr><td>Purchase of common stock</td><td>(50.450)</td><td>(26.653)</td><td>(3,182)</td></tr><tr><td>Net cash used in financing activities</td><td>(S132,650)</td><td>(70,937)</td><td>(51,146)</td></tr><tr><td>Effect of exchange rate changes on cash and cash equivalents</td><td>149</td><td>444)</td><td>2,107</td></tr><tr><td>Net increase/(decrease) in cash and cash equivalents</td><td>2,969</td><td>84.443</td><td>(24.420)</td></tr><tr><td>Cash and cash equivalents at beginning of year</td><td>334,352</td><td>249,909</td><td>274,329</td></tr><tr><td>Cash and cash equivalents at end of year</td><td>S337.321</td><td>S334,352</td><td>S249.909</td></tr></tbody></table>",155,normal,,D: 0.5-0.8
fintab_000299,extreme,0.1231,0.4154,0.462,"<table><thead><tr><th></th><th></th><th></th><th></th><th></th><th></th><th></th><th>Fair</th></tr><tr><th>Fiscal</th><th>Fiscal</th><th>Fiscal</th><th>Fiscal</th><th>Fiscal</th><th></th><th></th><th>Market</th></tr></thead><tbody><tr><td>2012</td><td>2013</td><td>2014</td><td>2015</td><td>2016</td><td>Thereafter</td><td>Total</td><td>Liability</td></tr><tr><td></td><td></td><td></td><td colspan=""2"">(dollars in thousands)</td><td></td><td></td><td></td></tr><tr><td>Variable rate S</td><td></td><td>S</td><td>S</td><td>S 115,000</td><td>S</td><td>S 115,000</td><td>S 115,000</td></tr><tr><td>Weighted average</td><td></td><td></td><td></td><td></td><td></td><td></td><td></td></tr><tr><td>interest rate</td><td>2.2% 2.3%</td><td>2.59</td><td>3.1%</td><td>3.4%</td><td></td><td>2.6%</td><td></td></tr></tbody></table>",30,nested_column,,B: <0.3
fintab_000966,extreme,0.6713,0.7692,1.385,"<table><thead><tr><th></th><th></th><th></th><th>Interest-Earning Assets</th><th></th><th></th><th></th><th></th><th></th></tr><tr><th></th><th></th><th></th><th>Interest-Bearing</th><th></th><th></th><th></th><th></th><th>Total</th></tr><tr><th></th><th>Loans and</th><th>Federal Funds</th><th>Deposits in</th><th></th><th></th><th>Cash and Due</th><th>Other</th><th>Average</th></tr></thead><tbody><tr><td>Year</td><td>Leases</td><td>Sold</td><td>Banks</td><td>Securities</td><td>Total</td><td>from Banks</td><td>Assets</td><td>Assets</td></tr><tr><td>2008</td><td>S85,835</td><td>438</td><td>183</td><td>S13,424</td><td>899,880</td><td>S2,490</td><td>S13,411</td><td>S114,296</td></tr><tr><td>2007</td><td>78,348</td><td>257</td><td>147</td><td>11,630</td><td>90,382</td><td>2,275</td><td>10,613</td><td>102,477</td></tr><tr><td>2006</td><td>73,493</td><td>252</td><td>144</td><td>20,910</td><td>94, 799</td><td>2,477</td><td>8,713</td><td>105,238</td></tr><tr><td>2005</td><td>67,737</td><td>88</td><td>113</td><td>24,806</td><td>92,744</td><td>2,750</td><td>8,102</td><td>102,876</td></tr><tr><td>2004</td><td>57,042</td><td>120</td><td>195</td><td>30,282</td><td>87,639</td><td>2,216</td><td>5,763</td><td>94,896</td></tr><tr><td>2003</td><td>52,414</td><td>92</td><td>215</td><td>28,640</td><td>81,361</td><td>1,600</td><td>5,250</td><td>87 ,481</td></tr><tr><td>2002</td><td>45,539</td><td>155</td><td>184</td><td>23,246</td><td>69,124</td><td>1,551</td><td>5,007</td><td>75,037</td></tr><tr><td>2001</td><td>44,888</td><td>69</td><td>132</td><td>19,737</td><td>64,826</td><td>1,482</td><td>5,000</td><td>70,683</td></tr><tr><td>2000</td><td>42,690</td><td>118</td><td>82</td><td>18,630</td><td>61,520</td><td>1,456</td><td>4,229</td><td>66,611</td></tr><tr><td>1999</td><td>38,652</td><td>224</td><td>103</td><td>16,901</td><td>55,880</td><td>1,628</td><td>3,344</td><td>60,292</td></tr></tbody></table>",108,nested_column,,D: 0.5-0.8
fintab_000535,extreme,0.5444,0.7838,4.348,"<table><thead><tr><th></th><th>First</th><th>Second</th><th>Third</th><th>Fourth</th></tr><tr><th></th><th>Quarter</th><th>Quarter</th><th>Quarter</th><th>Quarter</th></tr><tr><th></th><th colspan=""3""></th><th></th></tr></thead><tbody><tr><td>2017:</td><td></td><td></td><td></td><td></td></tr><tr><td>Net revenues</td><td>S 487,881 $</td><td>528,613 S</td><td>534,703 $</td><td>595,106</td></tr><tr><td>Gross profit</td><td>255,560</td><td>290,284</td><td>295,227</td><td>330,731</td></tr><tr><td>Income from continuing operations before interest; loss on</td><td></td><td></td><td></td><td></td></tr><tr><td>extinguishment of debt and taxes</td><td>60,819</td><td>110,202</td><td>110,354</td><td>90,904</td></tr><tr><td>Income (loss~ from continuing operations</td><td>40,349</td><td>78,363</td><td>79,398</td><td>(42,847)</td></tr><tr><td>(Loss) income from discontinued operations</td><td>(179)</td><td>(360)</td><td>(2,383)</td><td>189</td></tr><tr><td>Net income (loss)</td><td>40,170</td><td>78,003</td><td>77,015</td><td>(42,658)</td></tr><tr><td>Net income (loss) attributable to common shareholders</td><td>40,170</td><td>78,003</td><td>77,015</td><td>(42,658)</td></tr><tr><td>Earnings per share available to common shareholders</td><td></td><td></td><td></td><td></td></tr><tr><td>basic</td><td></td><td></td><td></td><td></td></tr><tr><td>Income (loss) from continuing operations</td><td>0.90 S</td><td>1.74 S</td><td>1.76 S</td><td>(0.95)</td></tr><tr><td>(Loss) income from discontinued operations</td><td>(0.01)</td><td>(0.01)</td><td>(0.05)</td><td></td></tr><tr><td>Net income (loss)</td><td>0.89 S</td><td>1.73 S</td><td>1.71 S</td><td>(0.95)</td></tr><tr><td>Earnings per share available to common shareholders</td><td></td><td></td><td></td><td></td></tr><tr><td>diluted</td><td></td><td></td><td></td><td></td></tr><tr><td>Income (loss) from continuing operations</td><td>0.87 $</td><td>1.67 S</td><td>1.70 $</td><td>(0.92)</td></tr><tr><td>Loss from discontinued operations</td><td>(0.01)</td><td></td><td>(0.05)</td><td>0.01</td></tr><tr><td>Net income (loss)</td><td>S 0.86</td><td>1.67 S</td><td>1.65 $</td><td>(0.91)</td></tr><tr><td>2016:</td><td></td><td></td><td></td><td></td></tr><tr><td>Net revenues</td><td>424,893</td><td>473,553</td><td>455,648 S</td><td>513,933</td></tr><tr><td>Gross profit</td><td>225,147</td><td>256,399</td><td>241,602</td><td>273,052</td></tr><tr><td>Income from continuing operations before interest; loss on</td><td></td><td></td><td></td><td></td></tr><tr><td>extinguishment of debt and taxes</td><td>67 ,E 497</td><td>98,441</td><td>86,487</td><td>67,028</td></tr><tr><td>Income from continuing operations</td><td>51,180</td><td>59,395</td><td>66,200</td><td>60,876</td></tr><tr><td>Loss from discontinued operations</td><td>(312)</td><td>193</td><td>122</td><td>187</td></tr><tr><td>Net income</td><td>50,868</td><td>59,588</td><td>66,322</td><td>61,063</td></tr><tr><td>Less: Income from continuing operations attributable to</td><td></td><td></td><td></td><td></td></tr><tr><td>noncontrolling interest</td><td>179</td><td>285</td><td></td><td></td></tr><tr><td>Net income attributable to common shareholders</td><td>50,689</td><td>59,303</td><td>66,322</td><td>61,063</td></tr><tr><td>Earnings P per share available to common shareholders</td><td></td><td></td><td></td><td></td></tr><tr><td>basic</td><td></td><td></td><td></td><td></td></tr><tr><td>Income from continuing operations</td><td>5 1,.22 $</td><td>1.36 S</td><td>1.50 $</td><td>1.38</td></tr><tr><td>Loss from discontinued operations</td><td></td><td></td><td>0.01</td><td>0.01</td></tr><tr><td>Net income</td><td>S 1,.22 $</td><td>1.36 $</td><td>1.51 $</td><td>1.39</td></tr><tr><td>Earnings Rer share available to common shareholders</td><td></td><td></td><td></td><td></td></tr><tr><td>diluted(t</td><td></td><td></td><td></td><td></td></tr><tr><td>Income from continuing operations</td><td>S 1.05 $</td><td>1.25 S</td><td>1.40 S</td><td>1.29</td></tr><tr><td>Loss from discontinued operations</td><td>(0.01)</td><td>0.01</td><td></td><td>0.01</td></tr><tr><td>Net income</td><td>S 1.04 S</td><td>1.26 $</td><td>1.40 S</td><td>1.30</td></tr></tbody></table>",150,nested_column,,D: 0.5-0.8
fintab_000320,medium,0.6778,0.7889,0.997,"<table><thead><tr><th></th><th></th><th>Total Customers</th><th></th><th colspan=""2""></th><th></th></tr></thead><tbody><tr><td>December 31 (in thousands)</td><td>2015</td><td>2014</td><td>2013</td><td>2015</td><td>2014</td><td>2013</td></tr><tr><td>Total customer relationshipsla)</td><td>27,5 701</td><td>27,035</td><td>26,677</td><td>666</td><td>358</td><td>215</td></tr><tr><td>Single product customersla)</td><td>8,366</td><td>8,409</td><td>8,752</td><td>(43)</td><td>(343)</td><td>(593)</td></tr><tr><td>Double product customersla)</td><td>9,221</td><td>8,750</td><td>8,541</td><td>472</td><td>209</td><td>34</td></tr><tr><td>Triple product customersla)</td><td>10,114</td><td>9,876</td><td>9,384</td><td>238</td><td>492</td><td>774</td></tr><tr><td>Video customers</td><td>22,347</td><td>22,383</td><td>22,577</td><td>(36)</td><td>(194)</td><td>(267)</td></tr><tr><td>High-speed Internet customers</td><td>23,329</td><td>21,962</td><td>20,685</td><td>1,367</td><td>1,277</td><td>1,296</td></tr><tr><td>Voice customers</td><td>11,475</td><td>11,193</td><td>10,723</td><td>282</td><td>470</td><td>768</td></tr><tr><td>Average monthly total revenue per customer</td><td></td><td></td><td></td><td></td><td></td><td></td></tr><tr><td>relationship</td><td>S 142.74</td><td>S 136.97</td><td>$ 131.22</td><td></td><td></td><td></td></tr></tbody></table>",63,normal,,D: 0.5-0.8
fintab_000689,medium,0.7353,0.9118,0.653,"<table><thead><tr><th></th><th></th><th>Year Ended December 31,</th><th></th></tr></thead><tbody><tr><td></td><td>2014</td><td>2013</td><td>2012</td></tr><tr><td>Aircraft fuel and related taxes</td><td>S2.009</td><td>S1,120</td><td>S1,012</td></tr><tr><td>Salaries, wages and benefits</td><td>1,078</td><td>692</td><td>681</td></tr><tr><td>Capacity purchases from third-party regional carriers 1)</td><td>1.475</td><td>269</td><td>129</td></tr><tr><td>Maintenance, materials and repairs</td><td>367</td><td>284</td><td>285</td></tr><tr><td>Other rent and landing fees</td><td>419</td><td>236</td><td>222</td></tr><tr><td>Aircraft rent</td><td>35</td><td></td><td></td></tr><tr><td>Selling expenses</td><td>307</td><td>154</td><td>152</td></tr><tr><td>Depreciation and amortization</td><td>217</td><td>168</td><td>170</td></tr><tr><td>Special items, net</td><td>24</td><td></td><td></td></tr><tr><td>Other</td><td>585</td><td>391</td><td>370</td></tr><tr><td>Total regional expenses</td><td>S6,516</td><td>S3,326</td><td>S3,028</td></tr></tbody></table>",44,normal,,D: 0.5-0.8
fintab_000660,medium,0.6774,0.8387,0.267,"<table><thead><tr><th></th><th>December 31,</th><th></th></tr></thead><tbody><tr><td></td><td>2014</td><td>2013</td></tr><tr><td>Overnight Investments, Time Deposits and Repurchase Agreements</td><td>60</td><td>S 177</td></tr><tr><td>Corporate and Bank Notes</td><td>2,441</td><td>3,350</td></tr><tr><td>U.S. Government Agency and Treasury Obligations</td><td></td><td>1,312</td></tr><tr><td>Commingled Funds</td><td>789</td><td>323</td></tr><tr><td>Total</td><td>S3,290</td><td>S5,162</td></tr></tbody></table>",17,normal,,D: 0.5-0.8
fintab_000806,medium,0.5556,0.5556,0.239,<table><thead><tr><th></th><th>2016-3 EETCs</th><th></th></tr></thead><tbody><tr><td></td><td>Series AA</td><td>Series A</td></tr><tr><td>Aggregate principal issued</td><td>S558 million</td><td>S256 million</td></tr><tr><td>Remaining escrowed proceeds</td><td>S75 million</td><td>S34 million</td></tr><tr><td>Fixed interest rate per annum</td><td>3.00%</td><td>3.25%</td></tr><tr><td>Maturity date</td><td>October 2028</td><td>October 2028</td></tr></tbody></table>,15,normal,,D: 0.5-0.8
fintab_001168,extreme,0.1897,0.4483,1.518,"<table><thead><tr><th></th><th></th><th></th><th>First</th><th></th><th>Second</th><th></th><th>Third</th><th></th><th>Fourth</th></tr><tr><th></th><th></th><th></th><th>Quarter</th><th></th><th>Quarter</th><th></th><th>Quarter</th><th></th><th>Quarter</th></tr><tr><th></th><th></th><th></th><th></th><th colspan=""5""></th><th></th></tr></thead><tbody><tr><td>2006</td><td></td><td></td><td></td><td></td><td></td><td></td><td></td><td></td><td></td></tr><tr><td>Rental income (1)</td><td></td><td colspan=""2""></td><td colspan=""2""></td><td colspan=""2""></td><td colspan=""2""></td></tr><tr><td>Net income</td><td></td><td colspan=""2""></td><td>$</td><td>38,256</td><td>S</td><td>24,984</td><td colspan=""2""></td></tr><tr><td colspan=""2""></td><td>S</td><td>28,162</td><td>$</td><td>35,387</td><td>S</td><td>22,115</td><td colspan=""2""></td></tr><tr><td>Earnings per common share</td><td>basic</td><td>S</td><td>0.53</td><td>$</td><td>0.67</td><td>S</td><td>0.42</td><td>$</td><td>0.32</td></tr><tr><td>Earnings per common share</td><td>diluted</td><td>S</td><td>0.53</td><td>$</td><td>0.66</td><td>S</td><td>0.41</td><td>$</td><td>0.32</td></tr><tr><td></td><td></td><td></td><td>First</td><td></td><td>Second</td><td></td><td>Third</td><td></td><td>Fourth</td></tr><tr><td></td><td></td><td></td><td>Quarter</td><td></td><td>Quarter</td><td></td><td>Quarter</td><td></td><td>Quarter</td></tr><tr><td></td><td></td><td></td><td></td><td colspan=""5""></td><td></td></tr><tr><td>2005</td><td></td><td></td><td></td><td></td><td></td><td></td><td></td><td></td><td></td></tr><tr><td>Rental income (1)</td><td></td><td>S</td><td>97,783</td><td colspan=""2""></td><td>S</td><td>96,772</td><td colspan=""2""></td></tr><tr><td>Net income</td><td></td><td colspan=""2""></td><td colspan=""2""></td><td colspan=""2""></td><td colspan=""2""></td></tr><tr><td colspan=""2""></td><td colspan=""2""></td><td colspan=""2""></td><td colspan=""2""></td><td colspan=""2""></td></tr><tr><td>Earnings per common share</td><td>basic</td><td>$</td><td>0.40</td><td>$</td><td>0.42</td><td>S</td><td>0.53</td><td>$</td><td>0.61</td></tr><tr><td>Earnings per common share</td><td>diluted</td><td>S</td><td>0.40</td><td>$</td><td>0.41</td><td>S</td><td>0.52</td><td>$</td><td>0.61</td></tr></tbody></table>",97,nested_column,,B: <0.3
fintab_000145,extreme,0.4153,0.6017,1.503,"<table><thead><tr><th></th><th></th><th>Outstanding Options</th><th></th></tr><tr><th></th><th></th><th>Weighted-</th><th></th></tr><tr><th></th><th></th><th>Average</th><th></th></tr></thead><tbody><tr><td></td><td>Weighted-</td><td>Remaining</td><td>Aggregate</td></tr><tr><td></td><td>Number of Average</td><td>Contractual</td><td>Intrinsic</td></tr><tr><td></td><td>Options Exercise</td><td>Term</td><td>Value</td></tr><tr><td></td><td>in thousands) Price</td><td>(in years)</td><td>(in millions)</td></tr><tr><td>Balance at September 26, 2009</td><td>34,375 S 81.17</td><td></td><td></td></tr><tr><td>Options granted</td><td>34 S202.00</td><td></td><td></td></tr><tr><td>Options assumed</td><td>98 S 11.99</td><td></td><td></td></tr><tr><td>Options cancelled</td><td>(430) S136.27</td><td></td><td></td></tr><tr><td>Options exercised</td><td>(12,352) S 62.69</td><td></td><td></td></tr><tr><td>Balance at September 25, 2010</td><td>21,725 S 90.46</td><td></td><td></td></tr><tr><td>Options granted</td><td>S342.62</td><td></td><td></td></tr><tr><td>Options cancelled</td><td>(163) S128.42</td><td></td><td></td></tr><tr><td>Options exercised</td><td>(9,697) S 67.63</td><td></td><td></td></tr><tr><td>Balance at September 24, 2011</td><td>11,866 S108.64</td><td></td><td></td></tr><tr><td>Options assumed</td><td>41 S 30.86</td><td></td><td></td></tr><tr><td>Options cancelled</td><td>(25) S103.22</td><td></td><td></td></tr><tr><td>Options exercised</td><td>(5,337) $ 84.85</td><td></td><td></td></tr><tr><td>Balance at September 29, 2012</td><td>6,545 S127.56</td><td>1.9</td><td>S3,531</td></tr><tr><td>Exercisable at September 29, 2012</td><td>6,505 S128.03</td><td>1.8</td><td>$3,507</td></tr><tr><td>Expected to vest after September 29,2012</td><td>40 $ 51.07</td><td>6.7</td><td>$ 24</td></tr></tbody></table>",53,nested_column,,C: 0.3-0.5
fintab_000719,extreme,0.4184,0.7449,0.884,"<table><thead><tr><th></th><th></th><th></th><th></th><th>Year Ended December 31</th><th></th><th></th></tr></thead><tbody><tr><td></td><td></td><td>2015</td><td>2014</td><td>2013</td><td>2012</td><td>2011</td></tr><tr><td></td><td></td><td></td><td></td><td>(In millions)</td><td></td><td></td></tr><tr><td>Operating income (loss)</td><td>GAAP</td><td>S 6,204</td><td>S4,249</td><td>S 1,399</td><td>S 148</td><td>S(1,037)</td></tr><tr><td>Operating special items, net (1)</td><td></td><td>1,080</td><td>824</td><td>536</td><td>387</td><td>799</td></tr><tr><td>Operating income (loss) excluding</td><td>special items</td><td>S 7,284</td><td>S5,073</td><td>S 1,935</td><td>S 535</td><td>S (238)</td></tr><tr><td>Net income (loss) GAAP</td><td></td><td>S 7,610</td><td>S2,882</td><td>S(1,834)</td><td>S(1,876)</td><td>S(1,979)</td></tr><tr><td>Operating special items, net (1)</td><td></td><td>1,080</td><td>824</td><td>536</td><td>387</td><td>799</td></tr><tr><td>Nonoperating special items, net (2</td><td></td><td>594</td><td>132</td><td>211</td><td>(280)</td><td></td></tr><tr><td>Reorganization items, net (3</td><td></td><td></td><td></td><td>2,655</td><td>2,208</td><td>118</td></tr><tr><td>Income tax special items</td><td></td><td>(3.015)</td><td>346</td><td>(324)</td><td>(569</td><td></td></tr><tr><td colspan=""2"">Net income (loss) excluding special items</td><td>S 6.269</td><td>S4,184</td><td>S 1,244</td><td>S (130)</td><td>S(1,062)</td></tr></tbody></table>",59,normal,,C: 0.3-0.5
fintab_001180,extreme,0.3478,0.5072,0.594,"<table><thead><tr><th></th><th></th><th>Capital</th><th></th><th></th></tr><tr><th></th><th>Secured</th><th>Leases</th><th>Unsecured</th><th>Total</th></tr><tr><th></th><th></th><th></th><th>(In thousands)</th><th></th></tr></thead><tbody><tr><td>2007</td><td>$ 4,793</td><td>$ 1,315</td><td>$ 150,204</td><td>S 156,312</td></tr><tr><td>2008</td><td>14,968</td><td>1,523</td><td>226</td><td>16,717</td></tr><tr><td>2009</td><td>9,973</td><td>1,722</td><td>175,250</td><td>186,945</td></tr><tr><td>2010</td><td>6,016</td><td>1,860</td><td>98,275(1)</td><td>106,15101)</td></tr><tr><td>2011</td><td>43,244</td><td>2,009</td><td>75,304</td><td>120,55703)</td></tr><tr><td>2012 and thereafter(2)</td><td>232,079</td><td>140,932</td><td>734,765</td><td>1,107,77603)</td></tr><tr><td></td><td>S311,073</td><td>$149,361</td><td>S1,234,024</td><td>S1,694,458</td></tr></tbody></table>",40,nested_column,,C: 0.3-0.5
fintab_000204,medium,0.7302,0.7619,0.663,"<table><thead><tr><th></th><th>Turkey</th><th>Key Market Data</th><th></th></tr><tr><th></th><th></th><th>Full-Year</th><th></th></tr><tr><th></th><th></th><th></th><th>Change</th></tr></thead><tbody><tr><td></td><td>2015</td><td>2014</td><td>% Lpep:</td></tr><tr><td>Total Cigarette Market (billion units)</td><td>103.2</td><td>94.7</td><td>9.0%</td></tr><tr><td>PMI Shipments (million units)</td><td>49,014</td><td>46,309</td><td>5.8%/</td></tr><tr><td>PMI Cigarette Market Share</td><td></td><td></td><td></td></tr><tr><td>Marlboro</td><td>9.5%</td><td>8.6%</td><td>0.9</td></tr><tr><td>Parliament</td><td>11.6%</td><td>11.2%</td><td>0.4</td></tr><tr><td>Lark</td><td>7.6%</td><td>9.0%</td><td>(1.4)</td></tr><tr><td>Others</td><td>15.1%</td><td>15.2%</td><td>(0.1)</td></tr><tr><td>Total</td><td>43.8%</td><td>44.0%</td><td>(0.2)</td></tr></tbody></table>",36,nested_column,,D: 0.5-0.8
fintab_000259,medium,0.6825,0.7619,0.695,"<table><thead><tr><th></th><th>Canada</th><th>Key Market Data</th><th></th></tr><tr><th></th><th></th><th>Ful-Year</th><th></th></tr><tr><th></th><th></th><th></th><th>Change</th></tr></thead><tbody><tr><td></td><td>2046</td><td>2015</td><td>% Lpp</td></tr><tr><td>Total Cigarette Market (billion units)</td><td>26.3</td><td>26.7</td><td>(1.6)%</td></tr><tr><td>PMI Cigarette Shipments (million units)</td><td>10,049</td><td>9,926</td><td>1.2 %</td></tr><tr><td>PMI Cigarette Market Share</td><td></td><td></td><td></td></tr><tr><td>Belmont</td><td>3.7%/</td><td>3.3%</td><td>0.4</td></tr><tr><td>Canadian Classics</td><td>10.2%</td><td>10.3%</td><td>(0.1)</td></tr><tr><td>Next</td><td>11.3%</td><td>10.6%/</td><td>0.7</td></tr><tr><td>Others</td><td>13.2%</td><td>13.1%</td><td>0.1</td></tr><tr><td>Total</td><td>38.4%</td><td>37.3%</td><td>1.1</td></tr></tbody></table>",36,nested_column,,D: 0.5-0.8
fintab_000749,medium,0.0568,0.1364,0.971,"<table><thead><tr><th></th><th></th><th>April 2016</th><th>December 2016</th></tr></thead><tbody><tr><td>2013 Credit Facilities</td><td>2014 Credit Facilities</td><td>Credit Facilities</td><td>Credit Facilities</td></tr><tr><td>Frequency of Appraisals Annual</td><td>Annual</td><td>Annual</td><td>Annual</td></tr><tr><td>of Appraised Collateral</td><td></td><td></td><td></td></tr><tr><td>1.6x Collateral</td><td>1.6x Collateral valuation</td><td>1.6x Collateral valuation</td><td>1.6x Collateral valuation</td></tr><tr><td>LTV Requirement valuation to amount of</td><td>to amount of debt</td><td>to amount of debt</td><td>to amount of debt</td></tr><tr><td>debt outstanding (62.5%</td><td>outstanding (62.5% LTV)</td><td>outstanding (62.5% LTV)</td><td>outstanding (62.5% LTV)</td></tr><tr><td>LTV)</td><td></td><td></td><td></td></tr><tr><td>LTV as of Last Measurement Date 33.9%</td><td>23.1%</td><td>42.7%</td><td>59.0%</td></tr><tr><td>Generally , certain slots</td><td>Generally , certain slots ,</td><td></td><td>Generally , certain Ronald</td></tr><tr><td>route authorities and</td><td>route authorities and</td><td></td><td>Reagan Washington</td></tr><tr><td>airport gate leasehold</td><td>airport gate leasehold</td><td></td><td>National Airport (DCA)</td></tr><tr><td>Collateral Description rights used by American</td><td>rights used by American</td><td>Generally , certain spare</td><td>slots , certain La Guardia</td></tr><tr><td>to operate all services</td><td>to operate certain</td><td>parts</td><td>Airport (LGA) slots ,</td></tr><tr><td>between the U.S. and</td><td>services between the</td><td></td><td>certain simulators and</td></tr><tr><td>South America</td><td>U.S_ and London</td><td></td><td>certain leasehold rights</td></tr><tr><td></td><td>Heathrow</td><td></td><td></td></tr></tbody></table>",52,normal,,B: <0.3
fintab_001035,medium,0.6744,0.8372,0.509,"<table><thead><tr><th></th><th>December 31,</th><th></th></tr></thead><tbody><tr><td></td><td>2017</td><td>2016</td></tr><tr><td>Pipelines (Natural gas, liquids, crude oil and CO2)</td><td>$ 20,157 S</td><td>19,341</td></tr><tr><td>Equipment (Natural gas, liquids, crude oil, COz, and terminals)</td><td>24,152</td><td>23,298</td></tr><tr><td>Other(a)</td><td>5,570</td><td>4,780</td></tr><tr><td>Accumulated depreciation, depletion and amortization</td><td>(14,175)</td><td>(12,306)</td></tr><tr><td></td><td>35,704</td><td>35,113</td></tr><tr><td>Land and land rights-of-way</td><td>1,456</td><td>1,431</td></tr><tr><td>Construction work in process</td><td>2,995</td><td>2,161</td></tr><tr><td>Property; plant and equipment; net</td><td>$ 40,155 S</td><td>38,705</td></tr></tbody></table>",26,normal,,D: 0.5-0.8
fintab_001195,medium,0.871,0.871,0.285,"<table><thead><tr><th></th><th colspan=""3""></th></tr></thead><tbody><tr><td></td><td>2007</td><td>2006</td><td>2005</td></tr><tr><td>Volatility</td><td>20.0%</td><td>18.7%</td><td>18.0%</td></tr><tr><td>Expected dividend yield</td><td>3.4%</td><td>4.9%</td><td>3.8%</td></tr><tr><td>Expected term (in years)</td><td>4.1</td><td>3.8</td><td>5.0</td></tr><tr><td>Risk free interest rate</td><td>4.7%</td><td>4.6%</td><td>4.1%</td></tr></tbody></table>",20,normal,,E: >=0.8
fintab_000123,medium,0.7734,0.9507,3.172,"<table><thead><tr><th></th><th></th><th>Years ended</th><th></th></tr></thead><tbody><tr><td></td><td>September 28</td><td>September  29_</td><td>September 24,</td></tr><tr><td></td><td>2013</td><td>2012</td><td>2011</td></tr><tr><td>Cash and cash equivalents, beginning of the year</td><td>10.,746 5</td><td>9.815</td><td>S 11,261</td></tr><tr><td>Operating activities:</td><td></td><td></td><td></td></tr><tr><td>Net income</td><td>37,037</td><td>41,733</td><td>25,922</td></tr><tr><td>Adjustments to reconcile net income to cash generated by operating activities:</td><td></td><td></td><td></td></tr><tr><td>Depreciation and amortization</td><td>6,757</td><td>3,277</td><td>1,814</td></tr><tr><td>Share-based compensation expense</td><td>2,253</td><td>1,740</td><td>1,168</td></tr><tr><td>Deferred income tax expense</td><td>1,141</td><td>4,405</td><td>2,868</td></tr><tr><td>Changes in operating assets and liabilities:</td><td></td><td></td><td></td></tr><tr><td>Accounts receivable, net</td><td>(2,172)</td><td>(5,551)</td><td>143</td></tr><tr><td>Inventories</td><td>(973)</td><td>(15)</td><td>275</td></tr><tr><td>Vendor non-trade receivables</td><td>223</td><td>(1,414)</td><td>(1,934)</td></tr><tr><td>Other current and non-current assets</td><td>1,080</td><td>(3,162)</td><td>(1,391)</td></tr><tr><td>Accounts payable</td><td>2,340</td><td>4,467</td><td>2,515</td></tr><tr><td>Deferred revenue</td><td>1,459</td><td>2,824</td><td>1,654</td></tr><tr><td>Other current and non-current liabilities</td><td>4,521</td><td>2,552</td><td>4.495</td></tr><tr><td>Cash generated by operating activities</td><td>53,666</td><td>50,856</td><td>37,529</td></tr><tr><td>Investing acti= vities:</td><td></td><td></td><td></td></tr><tr><td>Purchases of marketable securities</td><td>148,489)</td><td>(151,232)</td><td>102,317)</td></tr><tr><td>Proceeds from maturities of marketable securities</td><td>20,317</td><td>13,035</td><td>20.437</td></tr><tr><td>Proceeds from sales of marketable securities</td><td>104,130</td><td>99,770</td><td>49,416</td></tr><tr><td>Payments made in connection with business acquisitions_ net</td><td>(496)</td><td>(350)</td><td>(244)</td></tr><tr><td>Payments for acquisition of property, plant and equipment</td><td>(8,165)</td><td>8,295)</td><td>(4,260)</td></tr><tr><td>Payments for acquisition of intangible assets</td><td>(911)</td><td>(1,107)</td><td>(3,192)</td></tr><tr><td>Other</td><td>(160)</td><td>(48</td><td>(259)</td></tr><tr><td>Cash used in investing activities</td><td>(33,774</td><td>48.227-</td><td>40.,419)</td></tr><tr><td>Financing activities:</td><td></td><td></td><td></td></tr><tr><td>Proceeds from issuance of common stock</td><td>530</td><td>665</td><td>831</td></tr><tr><td>Excess tax benefits from equity awards</td><td>701</td><td>1,351</td><td>1,133</td></tr><tr><td>Taxes paid related to net share settlement of equity awards</td><td>(1,082)</td><td>1,226)</td><td>(520)</td></tr><tr><td>Dividends and dividend equivalent rights paid</td><td>(10,564</td><td>(2.488</td><td></td></tr><tr><td>Repurchase of common stock</td><td>(22,860)</td><td></td><td></td></tr><tr><td>Proceeds from issuance of long-term debt, net</td><td>16.896</td><td></td><td></td></tr><tr><td>Cash generated byl(used in) financing activities</td><td>16,379)</td><td>1,698</td><td>1,444</td></tr><tr><td>Increase/(decrease) in cash and cash equivalents</td><td>3,513</td><td>931</td><td>(1,446)</td></tr><tr><td>Cash and cash equivalents, end of the year</td><td>$ 14.259</td><td>10,746</td><td>S 9,815</td></tr><tr><td>Supplemental cash flow disclosure:</td><td></td><td></td><td></td></tr><tr><td>Cash paid for income taxes_ net</td><td>$ 9,128 $</td><td>7,682</td><td>S 3,338</td></tr></tbody></table>",132,normal,,D: 0.5-0.8
fintab_000774,extreme,0.68,0.78,0.448,"<table><thead><tr><th></th><th></th><th colspan=""2"">Year Ended December 31,2011</th><th></th></tr></thead><tbody><tr><td></td><td>RASM</td><td>Y-O-Y</td><td>ASMs</td><td>YO-Y</td></tr><tr><td></td><td>(cents)</td><td>Change</td><td>(billions</td><td>Change</td></tr><tr><td>DOT Domestic</td><td>11.54</td><td>6.8%</td><td>91.7</td><td>(1.6) %</td></tr><tr><td>International</td><td>11.76</td><td>5.5</td><td>62.7</td><td>4.3</td></tr><tr><td>DOT Latin America</td><td>13.37</td><td>13.4</td><td>30.0</td><td>1.9</td></tr><tr><td>DOT Atlantic</td><td>10.55</td><td>(0.3)</td><td>23.8</td><td>2.6</td></tr><tr><td>DOT Pacific</td><td>9.53</td><td>(7.4)</td><td>8.8</td><td>19.2</td></tr></tbody></table>",34,normal,,D: 0.5-0.8
fintab_001100,extreme,0.186,0.3333,4.37,"<table><thead><tr><th></th><th></th><th>Storage</th><th></th></tr><tr><th></th><th></th><th>(Bcf)</th><th></th></tr><tr><th>Asset (KMI</th><th>Miles</th><th>Design [Processing</th><th></th></tr></thead><tbody><tr><td>ownership shown if</td><td>of</td><td>(Bcfld) (Bcfld)]</td><td></td></tr><tr><td>not 100%)</td><td>Pipeline</td><td>Capacity Capacity</td><td>Supply and Market Region</td></tr><tr><td>Natural Gas Pipelines</td><td></td><td></td><td></td></tr><tr><td>TGP</td><td>11,800</td><td>10.23 104</td><td>North to south to Gulf Coast and U.S.-Mexico border; southeast</td></tr><tr><td></td><td></td><td></td><td>U.S;; Haynesville, Marcellus, Utica, and Eagle Ford shale</td></tr><tr><td></td><td></td><td></td><td>formations</td></tr><tr><td>EPNG Mojave</td><td>10,600</td><td>5.65 44</td><td>Northern New Mexico, Texas, Oklahoma, to California, connects</td></tr><tr><td>pipeline system</td><td></td><td></td><td>to San Juan, Permian and Anadarko basins</td></tr><tr><td>NGPL (50%)</td><td>9,100</td><td>6.90 288</td><td>Chicago and other Midwest markets and all central U.S; supply</td></tr><tr><td></td><td></td><td></td><td>basins; north to south for LNG and to U.S.-Mexico border</td></tr><tr><td>SNG (50%)</td><td>6,900</td><td>4.07 68</td><td>Louisiana, Mississippi, Alabama; Florida, Georgia, South Carolina</td></tr><tr><td></td><td></td><td></td><td>and Tennessee; basins in Texas, Louisiana, Mississippi and</td></tr><tr><td></td><td></td><td></td><td>Alabama</td></tr><tr><td>Florida Gas</td><td>5,300</td><td>3.60</td><td>Texas to Florida; basins along Louisiana and Texas Gulf Coast,</td></tr><tr><td>Transmission</td><td></td><td></td><td>Mobile Bay and offshore Gulf of Mexico</td></tr><tr><td>(Citrus) (50%)</td><td></td><td></td><td></td></tr><tr><td>CIG</td><td>4,350</td><td>5.15 37</td><td>Colorado and Wyoming; Rocky Mountains and the Anadarko Basin</td></tr><tr><td>WIC</td><td>850</td><td>3.88</td><td>Wyoming; Colorado and Utah; Overthrust, Piceance, Uinta_</td></tr><tr><td></td><td></td><td></td><td>Powder River and Green River Basins</td></tr><tr><td>Ruby pipeline</td><td>680</td><td>1.53</td><td>Wyoming to Oregon; Rocky Mountain basins</td></tr><tr><td>(50%)</td><td></td><td></td><td></td></tr><tr><td>MEP (50%)</td><td>510</td><td>1.80</td><td>Oklahoma and north Texas supply basins to interconnects with</td></tr><tr><td></td><td></td><td></td><td>deliveries t0 interconnects with Transco, Columbia Gulf and</td></tr><tr><td></td><td></td><td></td><td>various other pipelines</td></tr><tr><td>CPG</td><td>410</td><td>1.20</td><td>Colorado and Kansas, natural gas basins in the Central Rocky</td></tr><tr><td></td><td></td><td></td><td>Mountain area</td></tr><tr><td>TransColorado Gas</td><td>310</td><td>0.98</td><td>Colorado and New Mexico; connects to San Juan, Paradox and</td></tr><tr><td></td><td></td><td></td><td>Piceance basins</td></tr><tr><td>WYCO (50%)</td><td>224</td><td>1.20</td><td>Northeast Colorado; interconnects with CIG; WIC, Rockies</td></tr><tr><td></td><td></td><td></td><td>Express Pipeline, Young Gas Storage and PSCo $ pipeline system</td></tr><tr><td>Elba Express</td><td>200</td><td>0.95</td><td>Georgia; connects to SNG (Georgia)  Transco (Georgia/South</td></tr><tr><td></td><td></td><td></td><td>Carolina) , SLNG (Georgia) and CGT (Georgia) .</td></tr><tr><td>FEP (50%)</td><td>185</td><td>2.00</td><td>Arkansas to Mississippi; connects to NGPL, Trunkline Gas</td></tr><tr><td></td><td></td><td></td><td>Company, Texas Gas Transmission and ANR Pipeline Company</td></tr><tr><td>KMLP</td><td>135</td><td>2.20</td><td>sources gas from Cheniere Sabine Pass LNG terminal to</td></tr><tr><td></td><td></td><td></td><td>interconnects with Columbia Gulf; ANR and various other</td></tr><tr><td></td><td></td><td></td><td>pipelines</td></tr><tr><td>Sierrita Gas Pipeline</td><td>61</td><td>0.20 near</td><td>Tucson; Arizona; to the U.S.-Mexico border near Sasabe,</td></tr><tr><td>LLC (35%)</td><td></td><td></td><td>Arizona; connects to EPNG and via an international border</td></tr><tr><td></td><td></td><td></td><td>crossing with third-party natural gas pipeline in Mexico</td></tr><tr><td>Young Gas Storage</td><td>16</td><td></td><td>Morgan County, Colorado, capacity is committed to CIG and</td></tr><tr><td>(48%</td><td></td><td></td><td>Colorado Springs Utilities</td></tr><tr><td>Keystone Gas</td><td>12</td><td></td><td>located in the Permian Basin and near the WAHA natural gas</td></tr><tr><td>Storage</td><td></td><td></td><td>trading hub in West Texas</td></tr><tr><td>Gulf LNG Holdings</td><td>5</td><td>6.6 near</td><td>Pascagoula, Mississippi; connects to four interstate pipelines</td></tr><tr><td>(50%_</td><td></td><td></td><td>and a natural gas processing plant</td></tr><tr><td>Bear Creek Storage</td><td></td><td>59</td><td>located in Louisiana; provides storage capacity to SNG and TGP</td></tr><tr><td>(75% _</td><td></td><td></td><td></td></tr></tbody></table>",121,nested_column,,B: <0.3
fintab_000094,medium,0.6962,0.7975,0.948,"<table><thead><tr><th></th><th>Expected to</th><th>Approximate</th></tr><tr><th>Ship</th><th>Enter Service</th><th>Berths</th></tr><tr><th>Royal Caribbean International</th><th></th><th></th></tr></thead><tbody><tr><td>Quantum-class:</td><td></td><td></td></tr><tr><td>Unnamed</td><td>Znd Quarter 2019</td><td>4,150</td></tr><tr><td>Unnamed</td><td>4th Quarter 2020</td><td>4,150</td></tr><tr><td>Oasis-class:</td><td></td><td></td></tr><tr><td>Unnamed</td><td>Ist Quarter 2018</td><td>5,450</td></tr><tr><td>Unnamed</td><td>2nd Quarter 2021</td><td>5,450</td></tr><tr><td>Celebrity Cruises Project Edge</td><td></td><td></td></tr><tr><td>Celebrity Edge</td><td>4th Quarter 2018</td><td>2,900</td></tr><tr><td>Celebrity Beyond</td><td>Ist Quarter 2020</td><td>2,900</td></tr><tr><td>Unnamed</td><td>4th Quarter 2021</td><td>2,900</td></tr><tr><td>Unnamed</td><td>4th Quarter 2022</td><td>2,900</td></tr><tr><td>TUI Cruises (50% joint venture_</td><td></td><td></td></tr><tr><td>Mein Schiff 6</td><td>Znd Quarter 2017</td><td>2,500</td></tr><tr><td>Unnamed</td><td>Znd Quarter 2018</td><td>2,850</td></tr><tr><td>Unnamed</td><td>lst Quarter 2019</td><td>2,850</td></tr><tr><td>Total Berths</td><td></td><td>39,000</td></tr></tbody></table>",45,nested_column,,D: 0.5-0.8
fintab_000305,medium,0.4516,0.6452,2.296,"<table><thead><tr><th></th><th></th><th>Page</th></tr><tr><th>Part I.</th><th></th><th></th></tr></thead><tbody><tr><td>Item 1.</td><td>Business</td><td>2</td></tr><tr><td>Item IA</td><td>Risk Factors_</td><td>9</td></tr><tr><td>Item IB.</td><td>Unresolved Staff Comments</td><td>14</td></tr><tr><td>Item 2.</td><td>Properties</td><td>14</td></tr><tr><td>Item 3 .</td><td>Legal Proceedings _</td><td>15</td></tr><tr><td>Item 4.</td><td>Mine Safety Disclosures</td><td>15</td></tr><tr><td>Part II.</td><td></td><td></td></tr><tr><td>Item 5.</td><td>Market for the Registrant's Common Equity, Related Stockholder Matters and Issuer</td><td></td></tr><tr><td></td><td>Purchases of Equity Securities _</td><td>16</td></tr><tr><td>Item 6</td><td>Selected Consolidated Financial Data.</td><td>18</td></tr><tr><td>Item 7.</td><td>Management's Discussion and Analysis of Financial Condition and Results of</td><td></td></tr><tr><td></td><td>Operations</td><td>20</td></tr><tr><td>Item TA</td><td>Quantitative and Qualitative Disclosures About Market Risks</td><td>35</td></tr><tr><td>Item 8</td><td>Financial Statements and Supplementary Data_</td><td>35</td></tr><tr><td>Item 9_</td><td>Changes in and Disagreements with Accountants on Accounting and Financial</td><td></td></tr><tr><td></td><td>Disclosure.</td><td>35</td></tr><tr><td>Item 9A_</td><td>Controls and Procedures</td><td>36</td></tr><tr><td>Item 9B.</td><td>Other Information</td><td>36</td></tr><tr><td>Part III:</td><td></td><td></td></tr><tr><td>Item 10.</td><td>Directors, Executive Officers and Corporate Governance</td><td>37</td></tr><tr><td>Item 11.</td><td>Executive Compensation.</td><td>37</td></tr><tr><td>Item 12.</td><td>Security Ownership of Certain Beneficial Owners and Management and Related</td><td></td></tr><tr><td></td><td>Stockholder Matters</td><td>37</td></tr><tr><td>Item 13_</td><td>Certain Relationships and Related Transactions, and Director Independence.</td><td>37</td></tr><tr><td>Item 14.</td><td>Principal Accountant Fees and Services</td><td>37</td></tr><tr><td>Part IV</td><td></td><td></td></tr><tr><td>Item 15.</td><td>Exhibits, Financial Statement Schedules</td><td>38</td></tr></tbody></table>",69,nested_column,,C: 0.3-0.5
fintab_000170,extreme,0.4246,0.6425,1.909,"<table><thead><tr><th></th><th></th><th></th><th>September 24, 2011</th><th></th><th></th><th></th></tr></thead><tbody><tr><td></td><td></td><td></td><td></td><td>Cash and</td><td>Short-Term</td><td>Long-Term</td></tr><tr><td></td><td>Adjusted Unrealized</td><td>Unrealized</td><td>Fair</td><td>Cash</td><td>Marketable</td><td>Marketable</td></tr><tr><td></td><td>Cost Gains</td><td>Losses</td><td>Value</td><td>Equivalents</td><td>Securities</td><td>Securities</td></tr><tr><td>Cash</td><td>2,903 S</td><td></td><td>2,903</td><td>$2,903</td><td></td><td></td></tr><tr><td>Level 1:</td><td></td><td></td><td></td><td></td><td></td><td></td></tr><tr><td>Money market funds</td><td>1,911 0</td><td></td><td>1,911</td><td>1,911</td><td></td><td>0</td></tr><tr><td>Mutual funds</td><td>1,227</td><td>(34)</td><td>1,193</td><td>0</td><td>1,193</td><td></td></tr><tr><td>Subtotal</td><td>3,138 0</td><td>(34_</td><td>3,104</td><td>1,911</td><td>1,193</td><td>0</td></tr><tr><td>Level 2:</td><td></td><td></td><td></td><td></td><td></td><td></td></tr><tr><td>U.S. Treasury</td><td></td><td></td><td></td><td></td><td></td><td></td></tr><tr><td>securities</td><td>10,717 39</td><td></td><td>10,753</td><td>1,250</td><td>2,149</td><td>7,354</td></tr><tr><td>U.S. agency securities</td><td>13,467 24</td><td></td><td>13,488</td><td>225</td><td>1,818</td><td>11,445</td></tr><tr><td>Non-U.S. government</td><td></td><td></td><td></td><td></td><td></td><td></td></tr><tr><td>securities</td><td>5,559 11</td><td></td><td>5,568</td><td>551</td><td>1,548</td><td>3,469</td></tr><tr><td>Certificates of deposit</td><td></td><td></td><td></td><td></td><td></td><td></td></tr><tr><td>and time deposits</td><td>4,175 2</td><td></td><td>4,175</td><td>728</td><td>977</td><td>2,470</td></tr><tr><td>Commercial paper</td><td>2,853</td><td></td><td>2,853</td><td>2,237</td><td>616</td><td>0</td></tr><tr><td>Corporate securities</td><td>35,241 132</td><td>(114)</td><td>35,259</td><td>10</td><td>7,241</td><td>28,008</td></tr><tr><td>Municipal securities</td><td>3,411 56</td><td></td><td>3,467</td><td>0</td><td>595</td><td>2,872</td></tr><tr><td>Subtotal</td><td>75,423 264</td><td>(124)</td><td>75,563</td><td>5,001</td><td>14,944</td><td>55,618</td></tr><tr><td>Total</td><td>881,464 S264</td><td>$ (158)</td><td>881,570</td><td>89,815</td><td>S16,137</td><td>S55,618</td></tr></tbody></table>",100,normal,,C: 0.3-0.5
fintab_000510,medium,0.7397,0.8493,0.865,"<table><thead><tr><th></th><th></th><th>Year Ended December 31,</th><th></th></tr></thead><tbody><tr><td></td><td>2015</td><td>2014</td><td>2013</td></tr><tr><td></td><td></td><td>(Dollars in thousands)</td><td></td></tr><tr><td>Operating Profit</td><td></td><td></td><td></td></tr><tr><td>Vascular North America</td><td>S 73,284 $</td><td>53,807 S</td><td>28,809</td></tr><tr><td>Anesthesia North America</td><td>48,311</td><td>34,566</td><td>19,525</td></tr><tr><td>Surgical North America</td><td>52,529</td><td>49,592</td><td>50,334</td></tr><tr><td>EMEA</td><td>92,326</td><td>114,650</td><td>87,902</td></tr><tr><td>Asia</td><td>67,887</td><td>62,152</td><td>63,822</td></tr><tr><td>OEM</td><td>33,162</td><td>30,635</td><td>27,328</td></tr><tr><td>All other</td><td>20,356</td><td>19,762</td><td>24,565</td></tr><tr><td>Total segment operating profit</td><td>387,855</td><td>365,164</td><td>302,285</td></tr><tr><td>Unallocated expenses (2)</td><td>(71,964)</td><td>(80,302)</td><td>(69,024)</td></tr><tr><td>extinguishment of debt and taxes Income from continuing operations before interest; loss on</td><td>315,891</td><td>284,862</td><td>233,261</td></tr></tbody></table>",46,normal,,D: 0.5-0.8
fintab_000108,medium,0.8403,0.9772,5.194,"<table><thead><tr><th>STATEMENT 5</th><th></th><th></th><th>Caterpillar Inc;</th></tr></thead><tbody><tr><td>Consolidated Statement of Cash Flow for the Years Ended December 31</td><td></td><td></td><td></td></tr><tr><td>(Millions of dollars)</td><td></td><td></td><td></td></tr><tr><td></td><td>2017</td><td>2016</td><td>2015</td></tr><tr><td>Cash flow from operating activities:</td><td></td><td></td><td></td></tr><tr><td>Profit (loss) of consolidated and affiliated companies_</td><td>S 759</td><td>(59)</td><td>2,523</td></tr><tr><td>Adjustments for non-cash items:</td><td></td><td></td><td></td></tr><tr><td>Depreciation and amortization</td><td>2,877</td><td>3,034</td><td>3,046</td></tr><tr><td>Actuarial (gain) loss on pension and postretirement benefits</td><td>301</td><td>985</td><td>179</td></tr><tr><td>Provision (benefit) for deferred income taxes</td><td>1,213</td><td>(431)</td><td>(307)</td></tr><tr><td>Goodwill impairment charge</td><td></td><td>595</td><td></td></tr><tr><td>Other</td><td>746</td><td>856</td><td>453</td></tr><tr><td>Changes in assets and liabilities, net of acquisitions and divestitures:</td><td></td><td></td><td></td></tr><tr><td>Receivables trade and other</td><td>(1,151)</td><td>829</td><td>764</td></tr><tr><td>Inventories</td><td>(1,295)</td><td>1,109</td><td>2,274</td></tr><tr><td>Accounts payable.</td><td>1,478</td><td>(200)</td><td>(1,165)</td></tr><tr><td>Accrued expenses_</td><td>175</td><td>(201)</td><td>(199)</td></tr><tr><td>Accrued wages, salaries and employee benefits _</td><td>1,187</td><td>(708)</td><td>(389)</td></tr><tr><td>Customer advances</td><td>(69)</td><td>(37)</td><td>(501)</td></tr><tr><td>Other assets net</td><td>(192)</td><td>224</td><td>143</td></tr><tr><td>Other liabilities net</td><td>(327)</td><td>(360)</td><td>(122)</td></tr><tr><td>Net cash provided by (used for) operating activities</td><td>5,702</td><td>5,636</td><td>6,699</td></tr><tr><td>Cash flow from investing activities:</td><td></td><td></td><td></td></tr><tr><td>Capital expenditures excluding equipment leased to others</td><td>(898)</td><td>(1,109)</td><td>(1,388)</td></tr><tr><td>Expenditures for equipment leased to others</td><td>(1,438)</td><td>(1,819)</td><td>(1,873)</td></tr><tr><td>Proceeds from disposals of leased assets and property; plant and equipment _</td><td>1,164</td><td>899</td><td>760</td></tr><tr><td>Additions to finance receivables</td><td>(11,953)</td><td>(9,339)</td><td>(9,929)</td></tr><tr><td>Collections of finance receivables</td><td>12,018</td><td>9,369</td><td>9,247</td></tr><tr><td>Proceeds from sale of finance receivables</td><td>127</td><td>127</td><td>136</td></tr><tr><td>Investments and acquisitions (net of cash acquired)</td><td>(59)</td><td>(191)</td><td>(400)</td></tr><tr><td>Proceeds from sale of businesses and investments (net of cash sold)</td><td>100</td><td></td><td>178</td></tr><tr><td>Proceeds from sale of securities</td><td>932</td><td>694</td><td>351</td></tr><tr><td>Investments in securities</td><td>(1,048)</td><td>(391)</td><td>(485)</td></tr><tr><td>Other net</td><td>61</td><td></td><td>(114)</td></tr><tr><td>Net cash provided by (used for) investing activities</td><td>(994)</td><td>760)</td><td>(3,517)</td></tr><tr><td>Cash flow from financing activities:</td><td></td><td></td><td></td></tr><tr><td>Dividends paid.</td><td>(1,831)</td><td>(1,799)</td><td>(1,757)</td></tr><tr><td>Common stock issued, including treasury shares reissued</td><td>566</td><td>(23)</td><td>33</td></tr><tr><td>Treasury shares purchased</td><td></td><td></td><td>(2,025)</td></tr><tr><td>Proceeds from debt issued (original maturities greater than three months):</td><td></td><td></td><td></td></tr><tr><td>Machinery; Energy & Transportation</td><td>361</td><td></td><td>3</td></tr><tr><td>Financial Products _</td><td>8,702</td><td>5,109</td><td>5,129</td></tr><tr><td>Payments on debt (original maturities greater than three months):</td><td></td><td></td><td></td></tr><tr><td>Machinery; Energy & Transportation</td><td>(1,465)</td><td>(533)</td><td>(517)</td></tr><tr><td>Financial Products_</td><td>(6,919)</td><td>(6,032)</td><td>775)</td></tr><tr><td>Short-term borrowings net (original maturities three months or less)</td><td>(3,058)</td><td>140</td><td>3,022</td></tr><tr><td>Other net</td><td>(9)</td><td></td><td></td></tr><tr><td>Net cash provided by (used for) financing activities</td><td>(3,653)</td><td>3,140)</td><td>3,894)</td></tr><tr><td>Effect of exchange rate changes on cash</td><td>38</td><td>(28)</td><td>(169)</td></tr><tr><td>Increase (decrease) in cash and short-term investments</td><td>1,093</td><td>708</td><td>(881)</td></tr><tr><td>Cash and short-term investments at beginning of period</td><td>7,168</td><td>6,460</td><td>7,341</td></tr><tr><td>Cash and short-term investments at end of period</td><td>8,261</td><td>7,168 S</td><td>6,460</td></tr></tbody></table>",169,normal,,E: >=0.8
fintab_000318,medium,0.7317,0.8049,1.43,"<table><thead><tr><th></th><th></th><th>Approximate U.S_</th><th></th><th></th></tr><tr><th></th><th></th><th>Households at</th><th></th><th></th></tr></thead><tbody><tr><td></td><td></td><td>December 31</td><td></td><td></td></tr><tr><td></td><td></td><td>(in millions)(a)</td><td></td><td></td></tr><tr><td>Cable Network</td><td>2015</td><td>2014</td><td>2013</td><td>Description of Programming</td></tr><tr><td>USA Network</td><td>94</td><td>96</td><td>98</td><td>General entertainment</td></tr><tr><td>El</td><td>92</td><td>94</td><td></td><td>Entertainment and pop culture</td></tr><tr><td>Syfy</td><td>92</td><td>95</td><td></td><td>Imagination-based entertainment</td></tr><tr><td>MSNBC</td><td>92</td><td>95</td><td>96</td><td>News and information</td></tr><tr><td>CNBC</td><td>91</td><td>94</td><td>95</td><td>Business and financial news</td></tr><tr><td>Bravo</td><td>90</td><td>92</td><td>94</td><td>Entertainment, culture and arts</td></tr><tr><td>NBC Sports Network</td><td>83</td><td>81</td><td>Sports</td><td></td></tr><tr><td>Oxygen</td><td>77</td><td>78</td><td>78</td><td>Women's interests</td></tr><tr><td>Golf Channel</td><td>77</td><td>79</td><td>81</td><td>Golf competition and golf entertainment</td></tr><tr><td>Esquire Network</td><td>68</td><td>70</td><td>71</td><td>Men's lifestyle and entertainment</td></tr><tr><td>Sprout</td><td>56</td><td>58</td><td>57</td><td>Children's entertainment</td></tr><tr><td>Chiller</td><td>38</td><td>39</td><td></td><td>Horror and suspense</td></tr><tr><td>CNBC World</td><td>36</td><td>38</td><td>36</td><td>Global financial news</td></tr><tr><td>Universal HD</td><td>29</td><td>31</td><td>29</td><td>General entertainment HD programming</td></tr><tr><td>Cloo</td><td>25</td><td>26</td><td>29</td><td>Crime, mystery and suspense</td></tr></tbody></table>",80,nested_column,,D: 0.5-0.8
fintab_000624,medium,0.6567,0.8209,0.754,"<table><thead><tr><th></th><th colspan=""2""></th><th></th></tr></thead><tbody><tr><td></td><td>2016</td><td>2015</td><td>2014</td></tr><tr><td></td><td></td><td>(in millions)</td><td></td></tr><tr><td>Net income_</td><td>S 1,326 S</td><td>1,535 $</td><td>1,440</td></tr><tr><td>Other comprehensive (loss) income:</td><td></td><td></td><td></td></tr><tr><td>Currency translation adjustments</td><td>(147)</td><td>(344)</td><td>(325)</td></tr><tr><td>Net change in unrecognized gain (loss) on derivative instruments, net of</td><td></td><td></td><td></td></tr><tr><td>tax (Note 17)</td><td>95</td><td>(28)</td><td>(80)</td></tr><tr><td>Employee benefit plans adjustment, net of tax (Note 12)</td><td>(139)</td><td>64</td><td>(108)</td></tr><tr><td>Other comprehensive loss_</td><td>(191)</td><td>(308)</td><td>(513)</td></tr><tr><td>Comprehensive income</td><td>1,135</td><td>1,227</td><td>927</td></tr><tr><td>Comprehensive income attributable to noncontrolling interests _</td><td>60</td><td>69</td><td>80</td></tr><tr><td>Comprehensive income attributable to Delphi</td><td>S 1,075 $</td><td>1,158 $</td><td>847</td></tr></tbody></table>",39,normal,,D: 0.5-0.8
fintab_001287,medium,0.0161,0.4032,0.652,"<table><thead><tr><th></th><th></th><th></th><th>Gross Leasable</th><th>Purchase</th></tr><tr><th>Date</th><th>Property</th><th>City, State</th><th>Area</th><th>Price</th></tr><tr><th></th><th></th><th></th><th>(In square feet)</th><th>(In millions)</th></tr></thead><tbody><tr><td>August 16</td><td>Huntington Square</td><td>East Northport; NY</td><td>74,000</td><td>S17.601)</td></tr><tr><td>November 10</td><td>Former Mervyn S Parcel (Escondido</td><td>Escondido, CA</td><td>75,000</td><td>11.202)</td></tr><tr><td></td><td>Promenade)</td><td></td><td></td><td></td></tr><tr><td>November 22</td><td>Pentagon Row</td><td>Arlington, VA</td><td>NIA</td><td>8.5(3)</td></tr><tr><td>December 27</td><td>Bethesda Row</td><td>Bethesda, MD</td><td>NIA</td><td>9.4(4)</td></tr><tr><td></td><td></td><td>Total</td><td>149,000</td><td>S46.7</td></tr><tr><td colspan=""5"">(1)</td></tr></tbody></table>",35,nested_column,,B: <0.3
fintab_000321,medium,0.6838,0.8456,1.692,"<table><thead><tr><th>Year ended December 31 (n millions, except per share data)</th><th>2015</th><th>2014</th><th>2013</th><th>2012</th><th>2011b)</th></tr></thead><tbody><tr><td>Statement of Income Data</td><td></td><td></td><td></td><td></td><td></td></tr><tr><td>Revenue</td><td>S 74,510 $</td><td>68,775 $</td><td>64,657 $</td><td>62,570 $</td><td>55,842</td></tr><tr><td>Operating income</td><td>15,998</td><td>14,904</td><td>13,563</td><td>12,179</td><td>10,721</td></tr><tr><td>Net income attributable to Comcast Corporationla)</td><td>8,163</td><td>8,380</td><td>6,816</td><td>6,203</td><td>4,160</td></tr><tr><td>Basic earnings per common share attributable to</td><td></td><td></td><td></td><td></td><td></td></tr><tr><td>Comcast Corporation shareholders</td><td>3.28</td><td>3.24</td><td>2.60</td><td>2.32</td><td>1.51</td></tr><tr><td>Diluted earnings per common share attributable to</td><td></td><td></td><td></td><td></td><td></td></tr><tr><td>Comcast Corporation shareholders</td><td>3.24</td><td>3.20</td><td>2.56</td><td>2.28</td><td>1.50</td></tr><tr><td>Dividends declared per common share</td><td>1.00</td><td>0.90</td><td>0.78</td><td>0.65</td><td>0.45</td></tr><tr><td>Balance Sheet Data (at year end)</td><td></td><td></td><td></td><td></td><td></td></tr><tr><td>Total assetslc)</td><td>S 166,574</td><td>$ 159,186</td><td>$ 158,672</td><td>$ 164,837</td><td>157,664</td></tr><tr><td>Total debt, including current portionlc)</td><td>52,621</td><td>48,081</td><td>47,706</td><td>40,323</td><td>39,155</td></tr><tr><td>Comcast Corporation shareholders' equity</td><td>52,269</td><td>52,711</td><td>50,694</td><td>49,356</td><td>47,274</td></tr><tr><td>Statement of Cash Flows Data</td><td></td><td></td><td></td><td></td><td></td></tr><tr><td>Net cash provided by (used in):</td><td></td><td></td><td></td><td></td><td></td></tr><tr><td>Operating activities</td><td>18,778</td><td>16,945</td><td>14,160</td><td>14,854</td><td>14,345</td></tr><tr><td>Investing activities</td><td>(11,964)</td><td>(8,733)</td><td>(9,514)</td><td>(1,486)</td><td>(12,508)</td></tr><tr><td>Financing activities</td><td>(8,429)</td><td>(6,020)</td><td>(13,879)</td><td>(4,037)</td><td>(6,201)</td></tr></tbody></table>",84,normal,,D: 0.5-0.8
fintab_000626,medium,0.4677,0.5645,0.438,"<table><thead><tr><th></th><th></th><th></th><th></th><th>Retiree Medical and Other</th><th></th></tr><tr><th></th><th></th><th>Pension Benefits</th><th></th><th>Benefits</th><th></th></tr></thead><tbody><tr><td></td><td></td><td>2013</td><td>2012</td><td>2013</td><td>2012</td></tr><tr><td colspan=""2""></td><td></td><td></td><td></td><td></td></tr><tr><td colspan=""2""></td><td></td><td></td><td></td><td></td></tr><tr><td>Discount rate [/ [</td><td>9/30</td><td>4.20%</td><td>5.20%</td><td>3.80%</td><td>4.89%_</td></tr><tr><td>Discount rate 10/1</td><td>12/31</td><td>4.20%</td><td>4.10%</td><td>3.80%</td><td>3.80%</td></tr><tr><td colspan=""2""></td><td></td><td>3.78%</td><td></td><td></td></tr><tr><td colspan=""2""></td><td>8.00%</td><td>8.25%</td><td>8.00%</td><td>8.25%</td></tr></tbody></table>",28,nested_column,,C: 0.3-0.5
fintab_001106,extreme,0.4725,0.8165,2.93,"<table><thead><tr><th></th><th></th><th colspan=""2""></th><th></th><th></th></tr></thead><tbody><tr><td></td><td></td><td colspan=""2""></td><td></td><td></td></tr><tr><td></td><td></td><td>Standard &</td><td>Non -</td><td></td><td>McGraw Hill</td></tr><tr><td></td><td>McGraw Hill</td><td>Poor's Financial</td><td>Guarantor</td><td></td><td>Financial Inc</td></tr><tr><td>[in millions]</td><td>Financial, Inc;</td><td>Services LLC</td><td>Subsidiaries</td><td>Eliminations</td><td>Consolidated</td></tr><tr><td>Revenue</td><td>570</td><td>81,931</td><td>82,306</td><td>(105)</td><td>s4,702</td></tr><tr><td>Expenses:</td><td></td><td></td><td></td><td></td><td></td></tr><tr><td>Operating-related expenses</td><td>128</td><td>556</td><td>985</td><td>(105]</td><td>1,564</td></tr><tr><td>Selling and general expenses</td><td>338</td><td>532</td><td>761</td><td></td><td>1,631</td></tr><tr><td>Depreciation</td><td>40</td><td>19</td><td>27</td><td></td><td>86</td></tr><tr><td>Amortization of intangibles</td><td>5</td><td></td><td>46</td><td></td><td>51</td></tr><tr><td>Total expenses</td><td>511</td><td>1,107</td><td>1,819</td><td>(105)</td><td>3,332</td></tr><tr><td>Other loss (income]</td><td>25</td><td>3</td><td>(16]</td><td></td><td>12</td></tr><tr><td>Operating profit</td><td>34</td><td>821</td><td>503</td><td></td><td>1,358</td></tr><tr><td>Interest expense [income], net</td><td>65</td><td></td><td>(6]</td><td></td><td>59</td></tr><tr><td>Non-operating intercompany transactions</td><td>245</td><td>66</td><td>(311]</td><td></td><td></td></tr><tr><td>Income from continuing operations before taxes on income</td><td>(276]</td><td>755</td><td>820</td><td></td><td>1,299</td></tr><tr><td>(Benefit] provision for taxes on income</td><td>[121]</td><td>283</td><td>263</td><td></td><td>425</td></tr><tr><td>Equity in net income of subsidiaries</td><td>1,937</td><td>197</td><td></td><td>(2,134]</td><td></td></tr><tr><td>Income from continuing operations</td><td>1,782</td><td>669</td><td>557</td><td>(2,134]</td><td>874</td></tr><tr><td>Discontinued operations, net of tax:</td><td></td><td></td><td></td><td></td><td></td></tr><tr><td>Income (loss] from discontinued operations</td><td>82</td><td></td><td>(79]</td><td></td><td></td></tr><tr><td>Gain [loss] on sale of discontinued operations</td><td>644</td><td></td><td>(55]</td><td></td><td>589</td></tr><tr><td>Discontinued operations, net</td><td>726</td><td></td><td>[134]</td><td></td><td>592</td></tr><tr><td>Net income</td><td>s2,508</td><td>669</td><td>423</td><td>s[2,134]</td><td>s1,466</td></tr><tr><td>Less: net income from continuing operations</td><td></td><td></td><td></td><td></td><td></td></tr><tr><td>attributable to noncontrolling interests</td><td></td><td></td><td></td><td>(91]</td><td>[91]</td></tr><tr><td>Less: net loss from discontinued operations</td><td></td><td></td><td></td><td></td><td></td></tr><tr><td>attributable to noncontrolling interests</td><td></td><td></td><td></td><td></td><td></td></tr><tr><td>Net income attributable to McGraw Hill Financial, Inc</td><td>82,508</td><td>669</td><td>423</td><td>s[2,224]</td><td>s1,376</td></tr><tr><td>Comprehensive income</td><td>82,773</td><td>669</td><td>452</td><td>s(2,106]</td><td>s1,788</td></tr></tbody></table>",122,normal,,C: 0.3-0.5
fintab_000387,medium,0.386,0.8772,0.575,"<table><thead><tr><th></th><th>Fiscal year ended December 29, 2007</th><th colspan=""2"">Fiscal year ended December 30,2006</th><th colspan=""2""></th><th></th></tr></thead><tbody><tr><td>Net Sales</td><td>% of Revenues</td><td>Net Sales</td><td>% of Revenues</td><td>S Change</td><td>%</td><td>Change</td></tr><tr><td>Outdoor/Fitness S339.741</td><td>10.7%/</td><td>S285,362</td><td>16.1%1</td><td>S54,379</td><td></td><td>19.1%</td></tr><tr><td>Marine 203,399</td><td>6.4%</td><td>166,639</td><td>9.4%</td><td>36,760</td><td></td><td>22.1%</td></tr><tr><td>Automotive/Mobile 2,342,184</td><td>73.6%</td><td>1,089.093</td><td>61.4%1</td><td>L253.091</td><td></td><td>115.1%</td></tr><tr><td>Aviation 294,995</td><td>9.3%</td><td>232,906</td><td>13.1%</td><td>62,089</td><td></td><td>26.7%</td></tr><tr><td>Total 53,180,319</td><td>100.0%</td><td>S1,774,000</td><td>100.0%1</td><td>S1,406,319</td><td></td><td>79.3%</td></tr></tbody></table>",40,normal,,C: 0.3-0.5
fintab_000189,medium,0.2222,0.3434,3.178,"<table><thead><tr><th></th><th></th><th></th><th>Incorporated</th></tr><tr><th></th><th></th><th></th><th>by Reference</th></tr><tr><th>Exhibit</th><th></th><th></th><th>Filing Date/ Filed</th></tr></thead><tbody><tr><td>Number</td><td>Exhibit Description</td><td>Form</td><td>Period End Date herewith</td></tr><tr><td>3.1</td><td>Restated Articles of Incorporation, filed with the Secretary</td><td>S-3</td><td>7/27/88</td></tr><tr><td></td><td>of State of the State of California on January 27, 1988.</td><td></td><td></td></tr><tr><td>3.2</td><td>Amendment to Restated Articles of Incorporation, filed</td><td>10-Q</td><td>5/11/00</td></tr><tr><td></td><td>with the Secretary of State of the State of California on</td><td></td><td></td></tr><tr><td>May 4, 2000.</td><td></td><td></td><td></td></tr><tr><td>3.3</td><td>By-Laws of the Company, as amended through June 7,</td><td>10-Q</td><td>6/26/04</td></tr><tr><td>2004.</td><td></td><td></td><td></td></tr><tr><td>4.2</td><td>Indenture dated as of February 1, 1994, between the</td><td>10-Q</td><td>4/01/94</td></tr><tr><td></td><td>Company and Morgan Guaranty Trust Company of</td><td></td><td></td></tr><tr><td>New York:</td><td></td><td></td><td></td></tr><tr><td>4.3</td><td>Supplemental Indenture dated as of February 1, 1994,</td><td>10-Q</td><td>4/01/94</td></tr><tr><td></td><td>among the Company, Morgan Guaranty Trust Company of</td><td></td><td></td></tr><tr><td></td><td>New York; as resigning trustee, and Citibank; N.A , as</td><td></td><td></td></tr><tr><td>successor trustee.</td><td></td><td></td><td></td></tr><tr><td>4.5</td><td>Form of the Companys 61% Notes due 2004.</td><td>10-Q</td><td>4/01/94</td></tr><tr><td>4.8</td><td>Registration Rights Agreement, dated June</td><td>7, 1996 among S-3</td><td>8/28/96</td></tr><tr><td></td><td>the Company and Goldman, Sachs & Co. and Morgan</td><td></td><td></td></tr><tr><td>Stanley</td><td>Co. Incorporated:</td><td></td><td></td></tr><tr><td>4.9</td><td>Certificate of Determination of Preferences of Series A</td><td>10-K</td><td>9/26/97</td></tr><tr><td></td><td>Non-Voting Convertible Preferred Stock of Apple</td><td></td><td></td></tr><tr><td>Computer; Inc.</td><td></td><td></td><td></td></tr><tr><td>10.A.3</td><td>Apple Computer, Inc. Savings and Investment Plan, as</td><td>10-K</td><td>9/27/91</td></tr><tr><td></td><td>amended and restated effective aS of October 1, 1990.</td><td></td><td></td></tr><tr><td>10.A3-1</td><td>Amendment of Apple Computer; Inc. Savings and</td><td>10-K</td><td>9/25/92</td></tr><tr><td></td><td>Investment Plan dated March 1, 1992.</td><td></td><td></td></tr><tr><td>10.A3-2 Amendment No.</td><td>2 to the Apple Computer; Inc. Savings</td><td>10-Q</td><td>3/28/97</td></tr><tr><td>and Investment Plan:</td><td></td><td></td><td></td></tr><tr><td>10.A5</td><td>1990 Stock Option Plan, as amended through November 5,</td><td>10-Q</td><td>12/26/97</td></tr><tr><td>1997.</td><td></td><td></td><td></td></tr><tr><td>10.A.6</td><td>Apple Computer, Inc. Employee Stock Purchase Plan, as</td><td>S-8</td><td>6/24/03</td></tr><tr><td></td><td>amended through April 24, 2003.</td><td></td><td></td></tr><tr><td>10.A.8</td><td>Form of Indemnification Agreement between the</td><td>10-K</td><td>9/26/97</td></tr><tr><td></td><td>Registrant and each officer of the Registrant:</td><td></td><td></td></tr><tr><td>10.A.43</td><td>NeXT Computer, Inc. 1990 Stock Option Plan, as</td><td>S-8</td><td>3/21/97</td></tr><tr><td>amended:</td><td></td><td></td><td></td></tr></tbody></table>",89,nested_column,,B: <0.3
fintab_001085,medium,0.7552,0.974,3.583,"<table><thead><tr><th></th><th colspan=""2""></th><th></th></tr></thead><tbody><tr><td></td><td>2016</td><td>2015</td><td>2014</td></tr><tr><td>Revenues</td><td></td><td></td><td></td></tr><tr><td>Natural gas sales</td><td>S 2,454 S</td><td>2,839 S</td><td>4,115</td></tr><tr><td>Services</td><td>8,146</td><td>8,290</td><td>7,650</td></tr><tr><td>Product sales and other</td><td>2458</td><td>3.274</td><td>4,461</td></tr><tr><td>Total Revenues</td><td>43,058</td><td>14,403</td><td>16,226</td></tr><tr><td>Operating Costs, Expenses and Other</td><td></td><td></td><td></td></tr><tr><td>Costs of sales</td><td>3,498</td><td>4,115</td><td>6,278</td></tr><tr><td>Operations and maintenance</td><td>2,303</td><td>2,337</td><td>2,157</td></tr><tr><td>Depreciation, depletion and amortization</td><td>2,209</td><td>2,309</td><td>2,040</td></tr><tr><td>General and administrative</td><td>669</td><td>690</td><td>610</td></tr><tr><td>Taxes, other than income taxes</td><td>421</td><td>439</td><td>418</td></tr><tr><td>Loss on impairment of goodwill</td><td></td><td>1,150</td><td></td></tr><tr><td>Loss on impairments and divestitures, net</td><td>387</td><td>919</td><td>274</td></tr><tr><td>Other (income) expense, net</td><td></td><td>3</td><td></td></tr><tr><td>Total Operating Costs, Expenses and Other</td><td>9.486</td><td>11,.956</td><td>11,778</td></tr><tr><td>Operating Income</td><td>3,572</td><td>2,447</td><td>4,448</td></tr><tr><td>Other Income (Expense)</td><td></td><td></td><td></td></tr><tr><td>Earnings from equity investments</td><td>497</td><td>414</td><td>406</td></tr><tr><td>Loss on impairments and divestitures of equity investments, net</td><td>(610)</td><td>(30)</td><td></td></tr><tr><td>Amortization of excess cost of equity investments</td><td>(59)</td><td>(51)</td><td>(45)</td></tr><tr><td>Interest; net</td><td>(1,806)</td><td>(2,051)</td><td>(1,798)</td></tr><tr><td>Other; net</td><td>44</td><td>43</td><td>80</td></tr><tr><td>Total Other Expense</td><td>(4,934)</td><td>(1,675)</td><td>(1,357)</td></tr><tr><td>Income Before Income Taxes</td><td>1,638</td><td>772</td><td>3,091</td></tr><tr><td>Income Tax Expense</td><td>(917)</td><td>564)</td><td>648)</td></tr><tr><td>Net Income</td><td>721</td><td>208</td><td>2,443</td></tr><tr><td>Net Income Loss Attributable to Noncontrolling Interests</td><td>(13)</td><td>45</td><td>(4417)</td></tr><tr><td>Net Income Attributable to Kinder Morgan, Inc.</td><td>708</td><td>253</td><td>1,026</td></tr><tr><td>Preferred Stock Dividends</td><td>156)</td><td>(26_</td><td></td></tr><tr><td>Net Income Available to Common Stockholders</td><td>552</td><td>227</td><td>1026</td></tr><tr><td>Class P Shares</td><td></td><td></td><td></td></tr><tr><td>Basic Earnings Per Common Share</td><td>0.25</td><td>0.10</td><td>0.89</td></tr><tr><td>Basic Weighted Average Common Shares Outstanding</td><td>2230</td><td>2187</td><td>L37</td></tr><tr><td>Diluted Earnings Per Common Share</td><td>025 S</td><td>010 S</td><td>089</td></tr><tr><td>Diluted Weighted Average Common Shares Outstanding</td><td>2230</td><td>2193</td><td>4437</td></tr><tr><td>Dividends Per Common Share Declared for the Period</td><td>050 S</td><td>L6o5 S</td><td>174</td></tr></tbody></table>",130,normal,,D: 0.5-0.8
fintab_000899,extreme,0.152,0.36,0.719,"<table><thead><tr><th></th><th></th><th></th><th></th><th></th><th></th><th colspan=""3""></th><th></th><th></th><th></th><th></th></tr></thead><tbody><tr><td></td><td></td><td></td><td></td><td>2017</td><td></td><td></td><td></td><td></td><td></td><td>2016</td><td></td><td></td></tr><tr><td></td><td></td><td></td><td></td><td></td><td></td><td>Dividends</td><td></td><td></td><td></td><td></td><td></td><td>Dividends</td></tr><tr><td></td><td></td><td></td><td></td><td></td><td colspan=""2""></td><td></td><td></td><td></td><td></td><td colspan=""2""></td></tr><tr><td></td><td></td><td>High</td><td></td><td>Low</td><td></td><td>Share</td><td></td><td>High</td><td></td><td>Low</td><td></td><td>Share</td></tr><tr><td>Fourth quarter</td><td>$</td><td>71.53</td><td>S</td><td>65.59</td><td>S</td><td>0.2100</td><td>S</td><td>55.47</td><td></td><td>43.64</td><td>S</td><td>0.1600</td></tr><tr><td>Third quarter</td><td>S</td><td>66.80</td><td>S</td><td>58.57</td><td>S</td><td>0.1600</td><td>S</td><td>47.50</td><td>S</td><td>39.17</td><td>S</td><td>0.1075</td></tr><tr><td>Second quarter</td><td>S</td><td>66.33</td><td>S</td><td>55.80</td><td>S</td><td>0.1600</td><td>S</td><td>43.11</td><td>S</td><td>37.80</td><td>S</td><td>0.1075</td></tr><tr><td>First quarter</td><td>$</td><td>61.00</td><td>S</td><td>50.49</td><td>S</td><td>0.1600</td><td>S</td><td>41.89</td><td>S</td><td>30.40</td><td>S</td><td>0.1075</td></tr></tbody></table>",64,normal,,B: <0.3
fintab_001172,extreme,0.5625,0.825,0.778,"<table><thead><tr><th></th><th>2006</th><th>2005</th><th>2004</th><th>2003</th><th>2002</th></tr></thead><tbody><tr><td></td><td></td><td></td><td>(In thousands)</td><td></td><td></td></tr><tr><td>Net income</td><td>S118,712</td><td>S114,612</td><td>$ 84,156</td><td>S 94,497</td><td>$ 55,287</td></tr><tr><td>Depreciation and amortization</td><td>97,879</td><td>91,503</td><td>90,438</td><td>75,503</td><td>64,529</td></tr><tr><td>Interest expense</td><td>102,808</td><td>88,566</td><td>85,058</td><td>75,232</td><td>65,058</td></tr><tr><td>Other interest income</td><td>(2,616)</td><td>(2,216)</td><td>(1,509)</td><td>(1,276)</td><td>(1,386)</td></tr><tr><td>EBITDA</td><td>316,783</td><td>292,465</td><td>258,143</td><td>243,956</td><td>183,488</td></tr><tr><td>Gain on sale of real estate</td><td>(23,956)</td><td>(30,748)</td><td>(14,052)</td><td>(20,053)</td><td>(19,101)</td></tr><tr><td>Loss on abandoned developments</td><td></td><td></td><td></td><td></td><td></td></tr><tr><td>held for sale</td><td></td><td></td><td></td><td></td><td>9,647</td></tr><tr><td>Adjusted EBITDA</td><td>S292,827</td><td>S261,717</td><td>S244,091</td><td>S223,903</td><td>S174,034</td></tr></tbody></table>",51,normal,,D: 0.5-0.8
fintab_001102,extreme,0.3652,0.6899,6.452,"<table><thead><tr><th></th><th></th><th>Statement of Cash Flows</th><th></th><th></th></tr></thead><tbody><tr><td></td><td></td><td>Year ended December 31, 2015</td><td></td><td></td></tr><tr><td></td><td>Standard &</td><td>Non -</td><td></td><td>McGraw Hill</td></tr><tr><td></td><td>McGraw Hill Poor's Financial</td><td>Guarantor</td><td></td><td>Financial Inc</td></tr><tr><td>[in millions]</td><td>Financial; Inc; Services LLC</td><td>Subsidiaries</td><td>Eliminations</td><td>Consolidated</td></tr><tr><td>Operating Activities:</td><td></td><td></td><td></td><td></td></tr><tr><td>Net income</td><td>1,449 824</td><td>740</td><td>s(1,745]</td><td>s 1,268</td></tr><tr><td>Adjustments to reconcile income from continuing operations</td><td></td><td></td><td></td><td></td></tr><tr><td>to cash provided by (used for] operating activities from</td><td></td><td></td><td></td><td></td></tr><tr><td>continuing operations:</td><td></td><td></td><td></td><td></td></tr><tr><td>Depreciation</td><td>40 18</td><td>32</td><td></td><td>90</td></tr><tr><td>Amortization of intangibles</td><td></td><td>67</td><td></td><td>67</td></tr><tr><td>Provision for losses on accounts receivable</td><td>1 1</td><td>6</td><td></td><td>8</td></tr><tr><td>Deferred income taxes</td><td>33 290</td><td>(43)</td><td></td><td>280</td></tr><tr><td>Stock-based compensation</td><td>23 24</td><td>31</td><td></td><td>78</td></tr><tr><td>Accrued legal and regulatory settlements</td><td>110</td><td>9</td><td></td><td>119</td></tr><tr><td>Other</td><td>23 16</td><td></td><td></td><td>46</td></tr><tr><td>Changes in operating assets and liabilities, net of effect of</td><td></td><td></td><td></td><td></td></tr><tr><td>acquisitions and dispositions:</td><td></td><td></td><td></td><td></td></tr><tr><td>Accounts receivable</td><td>(27]</td><td>(94)</td><td></td><td>(118]</td></tr><tr><td>Prepaid and current assets</td><td>(13] 14</td><td>(5]</td><td></td><td>(4)</td></tr><tr><td>Accounts payable and accrued expenses</td><td>(75) (34]</td><td>17</td><td></td><td>(92)</td></tr><tr><td>Unearned revenue</td><td>(5] 66</td><td>68</td><td></td><td>129</td></tr><tr><td>Accrued legal and regulatory settlement</td><td>(1,624]</td><td></td><td></td><td>(1,624]</td></tr><tr><td>Other current liabilities</td><td>(32] (35)</td><td>(11)</td><td></td><td>(78)</td></tr><tr><td>Net change in prepaid accrued income taxes</td><td>(54)</td><td>115</td><td></td><td>61</td></tr><tr><td>Net change in other assets and liabilities</td><td>78</td><td>(121)</td><td></td><td>(35]</td></tr><tr><td>Cash provided by (used for] operating activities from</td><td></td><td></td><td></td><td></td></tr><tr><td>continuing operations</td><td>1,471 (349]</td><td>818</td><td>(1,745)</td><td>195</td></tr><tr><td>Investing Activities:</td><td></td><td></td><td></td><td></td></tr><tr><td>Capital expenditures</td><td>(67) (10]</td><td>(62]</td><td></td><td>(139]</td></tr><tr><td>Acquisitions, net of cash acquired</td><td>(2,243]</td><td>(153)</td><td></td><td>(2,396]</td></tr><tr><td>Proceeds from dispositions</td><td></td><td>14</td><td></td><td>14</td></tr><tr><td>Changes in short-term investments</td><td></td><td>(4)</td><td></td><td>(4)</td></tr><tr><td>Cash used for investing activities from continuing operations</td><td>(2,310] (10]</td><td>(205)</td><td></td><td>(2,525]</td></tr><tr><td>Financing Activities:</td><td></td><td></td><td></td><td></td></tr><tr><td>Additions to short-term debt, net</td><td>143</td><td></td><td></td><td>143</td></tr><tr><td>Proceeds from issuance of senior notes, net</td><td>2,674</td><td></td><td></td><td>2,674</td></tr><tr><td>Dividends paid to shareholders</td><td>(363]</td><td></td><td></td><td>(363]</td></tr><tr><td>Dividends and other payments paid to noncontrolling interests</td><td></td><td>(104)</td><td></td><td>(104)</td></tr><tr><td>Repurchase of treasury shares</td><td>(974)</td><td></td><td></td><td>(974]</td></tr><tr><td>Exercise of stock options</td><td>80</td><td>6</td><td></td><td>86</td></tr><tr><td>Contingent payments</td><td>(5]</td><td></td><td></td><td>(5]</td></tr><tr><td>Purchase of additional CRISIL shares</td><td></td><td>(16]</td><td></td><td>(16]</td></tr><tr><td>Excess tax benefits from share-based payments</td><td>69</td><td></td><td></td><td>69</td></tr><tr><td>Intercompany financing activities</td><td>(2,020] 359</td><td>(84)</td><td>1,745</td><td></td></tr><tr><td>Cash (used for] provided by financing activities from</td><td></td><td></td><td></td><td></td></tr><tr><td>continuing operations</td><td>(396) 359</td><td>(198]</td><td>1,745</td><td>1,510</td></tr><tr><td>Effect of exchange rate changes on cash from</td><td></td><td></td><td></td><td></td></tr><tr><td>continuing operations</td><td></td><td>(67)</td><td></td><td>(67)</td></tr><tr><td>Cash [used for] provided by continuing operations</td><td>(1,235]</td><td>348</td><td></td><td>(887]</td></tr><tr><td>Discontinued Operations:</td><td></td><td></td><td></td><td></td></tr><tr><td>Cash used for operating activities</td><td></td><td>(129]</td><td></td><td>(129]</td></tr><tr><td>Cash used for discontinued operations</td><td></td><td>(129)</td><td></td><td>(129]</td></tr><tr><td>Net change in cash and cash equivalents</td><td>(1,235]</td><td>219</td><td></td><td>(1,016]</td></tr><tr><td>Cash and cash equivalents at beginning of year</td><td>1,402</td><td>1,095</td><td></td><td>2,497</td></tr><tr><td>Cash and cash equivalents at end of vear</td><td>167</td><td>s1,314</td><td></td><td>s 1,481</td></tr></tbody></table>",172,normal,,C: 0.3-0.5
fintab_000979,medium,0.494,0.7108,0.716,"<table><thead><tr><th></th><th></th><th>2008</th><th>2007</th><th></th><th>2006</th><th></th></tr></thead><tbody><tr><td></td><td></td><td>Weighted-</td><td></td><td>Weighted-</td><td></td><td>Weighted-</td></tr><tr><td></td><td></td><td>Average</td><td></td><td>Average</td><td></td><td>Average</td></tr><tr><td>Stock Appreciation Rights (shares in_thousands)</td><td>Shares</td><td>Grant Price</td><td>Shares</td><td>Grant Price</td><td>Shares</td><td>Grant Price</td></tr><tr><td>Outstanding at January 1</td><td>17,526</td><td>S41.81</td><td>13,053</td><td>S43.43</td><td>7,541</td><td>S47.51</td></tr><tr><td>Granted</td><td>6,836</td><td>19.25</td><td>6,613</td><td>38.45</td><td>6,949</td><td>39.18</td></tr><tr><td>Exercised</td><td></td><td></td><td>(56)</td><td>39.36</td><td></td><td></td></tr><tr><td>Forfeited or expired</td><td>(1,854)</td><td>36.03</td><td>(2,084)</td><td>41.36</td><td>(1,437)</td><td>44.31</td></tr><tr><td>Outstandingat December 31</td><td>22,508</td><td>S35.43</td><td>17,526</td><td>S41.81</td><td>13,053</td><td>S43.43</td></tr><tr><td>Exercisable at December 31</td><td>8,352</td><td>S44.46</td><td>2,972</td><td>S41.45</td><td>989</td><td>S42.99</td></tr></tbody></table>",54,normal,,C: 0.3-0.5
fintab_000434,medium,0.5116,0.7209,0.352,"<table><thead><tr><th></th><th colspan=""2""></th><th></th><th>Change in</th><th></th></tr></thead><tbody><tr><td></td><td>2014</td><td>2013</td><td></td><td></td><td>%</td></tr><tr><td>Other income (expense) , net:</td><td></td><td></td><td></td><td></td><td></td></tr><tr><td>Interest expense</td><td>S(6,280)</td><td>S(7,119)</td><td>S</td><td>839</td><td>(11.8)%</td></tr><tr><td>Other income (expense) , net</td><td>2,275</td><td>(754)</td><td></td><td>3,029</td><td>NM</td></tr><tr><td>Total other income (expense _</td><td>net $(4,005)</td><td>S(7,873)</td><td colspan=""2""></td><td>(49.1)%</td></tr></tbody></table>",22,normal,,D: 0.5-0.8
fintab_000572,medium,0.2308,0.3462,0.14,"<table><thead><tr><th></th><th></th><th>2018</th><th></th><th>2017</th><th></th><th>2016</th></tr></thead><tbody><tr><td></td><td></td><td></td><td colspan=""2""></td><td></td><td></td></tr><tr><td>Net Revenues</td><td>S</td><td>2,448.4</td><td>$</td><td>2,146.3</td><td>S</td><td>1,868.0</td></tr></tbody></table>",11,normal,,B: <0.3
fintab_000759,medium,0.8953,0.9535,1.183,"<table><thead><tr><th></th><th colspan=""2"">December 31,</th></tr></thead><tbody><tr><td></td><td>2018</td><td>2017</td></tr><tr><td>Deferred tax assets:</td><td></td><td></td></tr><tr><td>Operating loss carryforwards</td><td>2,343</td><td>$ 2,281</td></tr><tr><td>Leases</td><td>2,189</td><td>107</td></tr><tr><td>Pensions</td><td>1,430</td><td>1,559</td></tr><tr><td>Loyalty program liability</td><td>1,770</td><td>1,809</td></tr><tr><td>Alternative minimum tax (AMT) credit carryforwards</td><td>175</td><td>344</td></tr><tr><td>Postretirement benefits other than pensions</td><td>145</td><td>170</td></tr><tr><td>Rent expense</td><td>136</td><td>160</td></tr><tr><td>Reorganization items</td><td>33</td><td>35</td></tr><tr><td>Other</td><td>631</td><td>678</td></tr><tr><td>Total deferred tax assets</td><td>8,852</td><td>7,143</td></tr><tr><td>Valuation allowance</td><td>(30)</td><td>(36)</td></tr><tr><td>Net deferred tax assets</td><td>8,822</td><td>7,107</td></tr><tr><td>Deferred tax liabilities:</td><td></td><td></td></tr><tr><td>Accelerated depreciation and amortization</td><td>(5,280)</td><td>(5,045)</td></tr><tr><td>Leases</td><td>(2,081)</td><td></td></tr><tr><td>Other</td><td>(326)</td><td>(279)</td></tr><tr><td>Total deferred tax liabilities</td><td>(7,687)</td><td>(5,324)</td></tr><tr><td>Net deferred tax asset</td><td>$ 1,135</td><td>$ 1,783</td></tr></tbody></table>",55,normal,,E: >=0.8
fintab_000889,extreme,0.4598,0.6552,0.822,<table><thead><tr><th></th><th></th><th>Years Ended December 31_</th><th></th><th></th><th></th></tr></thead><tbody><tr><td></td><td>2016</td><td></td><td>2015</td><td></td><td></td></tr><tr><td></td><td></td><td></td><td></td><td></td><td>Percent Change</td></tr><tr><td></td><td>Dollars in</td><td>Operating</td><td>Dollars in</td><td>Operating</td><td>in Income</td></tr><tr><td></td><td>Millions</td><td>Margin</td><td>Millions</td><td>Margin</td><td>from Operations</td></tr><tr><td>Segments: (1)</td><td></td><td></td><td></td><td></td><td></td></tr><tr><td>Corporate( (2)(3)(4)</td><td>$ 453.6</td><td>7.7%/ S</td><td>432.5</td><td>7.4%</td><td>4.9%</td></tr><tr><td>Small Business(2)3)4)</td><td>68.9</td><td>6.0</td><td>68.3</td><td>6.3</td><td>0.9</td></tr><tr><td>Public(54)</td><td>368.0</td><td>6.6</td><td>328.6</td><td>6.3</td><td>12.0</td></tr><tr><td>Other (4)(5)</td><td>43.6</td><td>3.2</td><td>27.1</td><td>3.2</td><td>60.9</td></tr><tr><td>Headquarters(</td><td>(114.9)</td><td>nm*</td><td>(114.5)</td><td>nm*</td><td>0.3</td></tr><tr><td>Total Income from operations</td><td>819.2</td><td>5.9% S</td><td>742.0</td><td>5.7%</td><td>10.4%</td></tr></tbody></table>,51,normal,,C: 0.3-0.5
fintab_001246,extreme,0.7123,0.9315,2.24,"<table><thead><tr><th></th><th></th><th></th><th>Change</th><th></th></tr></thead><tbody><tr><td></td><td>2016</td><td>2015</td><td>Dollars</td><td>%</td></tr><tr><td></td><td></td><td colspan=""2"">(Dollar amounts in thousands)</td><td></td></tr><tr><td>Rental income.</td><td>S 786,583 S</td><td>727,812 S</td><td>58,771</td><td>8.1 %</td></tr><tr><td>Other property income</td><td>11,015</td><td>11,810</td><td>(795)</td><td>(6.7)%</td></tr><tr><td>Mortgage interest income_</td><td>3,993</td><td>4,390</td><td>(397)</td><td>(9.0)%</td></tr><tr><td>Total property revenue</td><td>801,591</td><td>744,012</td><td>57,579</td><td>7.7 %</td></tr><tr><td>Rental expenses _</td><td>158,326</td><td>147,593</td><td>10,733</td><td>7.3 %</td></tr><tr><td>Real estate taxes</td><td>95,286</td><td>85,824</td><td>9,462</td><td>11.0 %</td></tr><tr><td>Total property expenses</td><td>253,612</td><td>233,417</td><td>20,195</td><td>8.7 %</td></tr><tr><td>Property operating income</td><td>547,979</td><td>510,595</td><td>37,384</td><td>7.3 %</td></tr><tr><td>General and administrative expenses</td><td>(33,399)</td><td>(35,645)</td><td>2,246</td><td>(6.3)%</td></tr><tr><td>Depreciation and amortization</td><td>(193,585)</td><td>(174,796)</td><td>18,789)</td><td>10.7 %</td></tr><tr><td>Operating income</td><td>320,995</td><td>300,154</td><td>20,841</td><td>6.9 %</td></tr><tr><td>Other interest income</td><td>374</td><td>149</td><td>225</td><td>151.0 %</td></tr><tr><td>Income from real estate partnerships</td><td>50</td><td>1,416</td><td>(1,366)</td><td>(96.5)%</td></tr><tr><td>Interest expense _</td><td>(94,994)</td><td>(92,553)</td><td>(2,441)</td><td>2.6 %</td></tr><tr><td>Early extinguishment of debt</td><td></td><td>(19,072)</td><td>19,072</td><td>(100.0)%</td></tr><tr><td>Total other; net:</td><td>(94,570)</td><td>(110,060)</td><td>15,490</td><td>(14.1)%</td></tr><tr><td>Income from continuing operations</td><td>226,425</td><td>190,094</td><td>36,331</td><td>19.1 %</td></tr><tr><td>Gain on sale of real estate</td><td>32,458</td><td>28,330</td><td>4,128</td><td>14.6 %</td></tr><tr><td>Net income</td><td>258,883</td><td>218,424</td><td>40,459</td><td>18.5 %</td></tr><tr><td>Net income attributable to noncontrolling interests</td><td>(8,973)</td><td>(8,205)</td><td>(768)</td><td>9.4 %</td></tr><tr><td>Net income attributable to the Trust _</td><td>S 249,910 S</td><td>210,219 S</td><td>39,691</td><td>18.9 %</td></tr></tbody></table>",110,normal,,D: 0.5-0.8
fintab_000395,medium,0.6667,0.8718,0.862,"<table><thead><tr><th></th><th></th><th>Fiscal Year Ended</th><th></th></tr></thead><tbody><tr><td></td><td>December 29,</td><td>December 30,</td><td>December 31,</td></tr><tr><td></td><td>2007</td><td>2006</td><td>2005</td></tr><tr><td>Numerator (in thousands):</td><td></td><td></td><td></td></tr><tr><td>Numerator for basic and diluted</td><td></td><td></td><td></td></tr><tr><td>net income per share net income</td><td>S855,011</td><td>S514,123</td><td>S311,219</td></tr><tr><td>Denominator (in thousands):</td><td></td><td></td><td></td></tr><tr><td>Denominator for basic net income per share</td><td></td><td></td><td></td></tr><tr><td>weighted-average common shares</td><td>216,524</td><td>216,340</td><td>216,294</td></tr><tr><td>Effect of dilutive securities</td><td></td><td></td><td></td></tr><tr><td>employee stock-based awards (note 10)</td><td>3,351</td><td>2,505</td><td>1,942</td></tr><tr><td>Denominator for diluted net income per share</td><td></td><td></td><td></td></tr><tr><td>weighted-average common shares</td><td>219,875</td><td>218,845</td><td>218,236</td></tr><tr><td>Basic net income per share</td><td>S3.95</td><td>S2.38</td><td>S1.44</td></tr><tr><td>Diluted net income per share</td><td>S3.89</td><td>52.35</td><td>S1.43</td></tr></tbody></table>",37,normal,,D: 0.5-0.8
fintab_000302,medium,0.7143,0.7429,0.267,<table><thead><tr><th></th><th></th><th>2011</th><th></th><th></th><th>2010</th><th></th></tr></thead><tbody><tr><td></td><td>AAP</td><td>AI</td><td>Total</td><td>AAP</td><td>AI</td><td>Total</td></tr><tr><td>Comparable Store Sales %</td><td>1.9%</td><td>8.6%</td><td>2.2%</td><td>8.1 %</td><td>7.0%</td><td>8.0%</td></tr><tr><td>Net Stores Opened</td><td>91</td><td>8</td><td>99</td><td>105</td><td>38</td><td>143</td></tr></tbody></table>,22,normal,,D: 0.5-0.8
fintab_000355,extreme,0.625,0.8083,3.519,"<table><thead><tr><th></th><th></th><th></th><th>Years ended (1)</th><th></th><th></th></tr></thead><tbody><tr><td></td><td>Dec. 27,</td><td>Dec. 29,</td><td>Dec. 30,</td><td>Dec: 31,</td><td>Dec: 25,</td></tr><tr><td></td><td>2008</td><td>2007</td><td>2006</td><td>2005</td><td>2004</td></tr><tr><td></td><td></td><td colspan=""2""></td><td></td><td></td></tr><tr><td>Consolidated Statements of</td><td></td><td></td><td></td><td></td><td></td></tr><tr><td>Income Data:</td><td></td><td></td><td></td><td></td><td></td></tr><tr><td>Net sales</td><td>S3,494,077</td><td>S3,180,319</td><td>S1,774,000</td><td>S1,027,773</td><td>S762,549</td></tr><tr><td>Cost of goods sold</td><td>1,940,562</td><td>1,717.064</td><td>891,614</td><td>492,703</td><td>351,310</td></tr><tr><td>Gross profit</td><td>1,553,515</td><td>1,463,255</td><td>882,386</td><td>535,070</td><td>411,239</td></tr><tr><td>Operating expenses:</td><td></td><td></td><td></td><td></td><td></td></tr><tr><td>Selling, general and</td><td></td><td></td><td></td><td></td><td></td></tr><tr><td>administrative</td><td>485,389</td><td>396,498</td><td>214,513</td><td>122,021</td><td>78,991</td></tr><tr><td>Research and development</td><td>206,109</td><td>159,406</td><td>113,314</td><td>74,879</td><td>61,580</td></tr><tr><td>Total operating expenses</td><td>691,498</td><td>555,904</td><td>327,827</td><td>196,900</td><td>140,571</td></tr><tr><td>Operating income</td><td>862,017</td><td>907,351</td><td>554,559</td><td>338,170</td><td>270,668</td></tr><tr><td>Other income/(expense) , net (2), (3), (4)</td><td>52,349</td><td>70,922</td><td>39,995</td><td>34,430</td><td>(15,457)</td></tr><tr><td>Income before income taxes</td><td>914,366</td><td>978,273</td><td>594,554</td><td>372,600</td><td>255,211</td></tr><tr><td>Income tax provision</td><td>181,518</td><td>123,262</td><td>80,431</td><td>61,381</td><td>49,511</td></tr><tr><td>Net income</td><td>S732,848</td><td>S855.011</td><td>S514,123</td><td>S311,219</td><td>S 205,700</td></tr><tr><td>Net income per share: (5)</td><td></td><td></td><td></td><td></td><td></td></tr><tr><td>Basic</td><td>S3.51</td><td>$3.95</td><td>S2.38</td><td>S1.44</td><td>S0.95</td></tr><tr><td>Diluted</td><td>S3.48</td><td>83.89</td><td>S2.35</td><td>S1.43</td><td>S0.94</td></tr><tr><td>Weighted average common</td><td></td><td></td><td></td><td></td><td></td></tr><tr><td>shares outstanding: (5)</td><td></td><td></td><td></td><td></td><td></td></tr><tr><td>Basic</td><td>208,993</td><td>216,524</td><td>216,340</td><td>216,294</td><td>216,322</td></tr><tr><td>Diluted</td><td>210,680</td><td>219,875</td><td>218,845</td><td>218,236</td><td>218,060</td></tr><tr><td>Cash dividends per share (5)</td><td>S0.75</td><td>S0.75</td><td>S0.50</td><td>S0.25</td><td>S0.25</td></tr><tr><td>Balance Sheet Data (at end of</td><td></td><td></td><td></td><td></td><td></td></tr><tr><td>Period):</td><td></td><td></td><td></td><td></td><td></td></tr><tr><td>Cash and cash equivalents</td><td>S696,335</td><td>$707,689</td><td>S337,321</td><td>S334,352</td><td>S249,909</td></tr><tr><td>Marketable securities</td><td>274,895</td><td>424,505</td><td>480,876</td><td>376,723</td><td>322,215</td></tr><tr><td>Total assets</td><td>2,924,581</td><td>3,291,460</td><td>1,897,020</td><td>1,362,235</td><td>1,117,391</td></tr><tr><td>Total debt (6</td><td></td><td></td><td>248</td><td></td><td></td></tr><tr><td>Total stockholders' equity</td><td>2,225,854</td><td>2,350,614</td><td>1,557,899</td><td>1,157,264</td><td>935,857</td></tr></tbody></table>",143,normal,,D: 0.5-0.8
fintab_000808,medium,0.7761,0.9104,0.702,"<table><thead><tr><th></th><th colspan=""2""></th><th></th></tr></thead><tbody><tr><td></td><td>2016</td><td>2015</td><td>2014</td></tr><tr><td>Aircraft fuel and related taxes</td><td>S1,109</td><td>S1,230</td><td>S2,009</td></tr><tr><td>Salaries , wages and benefits</td><td>1,333</td><td>1,187</td><td>1,140</td></tr><tr><td>Capacity purchases from third-party regional carriers (1)</td><td>1,538</td><td>1,651</td><td>1,494</td></tr><tr><td>Maintenance, materials and repairs</td><td>345</td><td>323</td><td>367</td></tr><tr><td>Other rent and landing fees</td><td>564</td><td>504</td><td>444</td></tr><tr><td>Aircraft rent</td><td>36</td><td>34</td><td>35</td></tr><tr><td>Selling expenses</td><td>347</td><td>333</td><td>307</td></tr><tr><td>Depreciation and amortization</td><td>301</td><td>252</td><td>217</td></tr><tr><td>Special items net</td><td>14</td><td>29</td><td>24</td></tr><tr><td>Other</td><td>457</td><td>440</td><td>479</td></tr><tr><td>Total regional expenses</td><td>S6,044</td><td>S5,983</td><td>S6,516</td></tr></tbody></table>",48,normal,,D: 0.5-0.8
fintab_001075,medium,0.4242,0.5152,0.873,"<table><thead><tr><th></th><th>Year Ended</th><th></th><th>Year Ended</th><th></th><th>Year Ended</th><th></th></tr></thead><tbody><tr><td></td><td>December 31,2018</td><td></td><td>December 31,2017</td><td></td><td>December 31,2016</td><td></td></tr><tr><td></td><td></td><td>Weighted</td><td></td><td>Weighted</td><td></td><td>Weighted</td></tr><tr><td></td><td></td><td>Average</td><td></td><td>Average</td><td></td><td>Average</td></tr><tr><td></td><td></td><td>Grant Date</td><td></td><td>Grant Date</td><td></td><td>Grant Date</td></tr><tr><td></td><td></td><td>Fair Value</td><td></td><td>Fair Value</td><td></td><td>Fair Value</td></tr><tr><td></td><td>Shares</td><td>per Share</td><td>Shares</td><td>per Share</td><td>Shares</td><td>per Share</td></tr><tr><td>Outstanding at beginning of period</td><td>10,518,344 S</td><td>28.21</td><td>9,038,137 S</td><td>32.72</td><td>7,645,105 S</td><td>37.91</td></tr><tr><td>Granted</td><td>5,389,476</td><td>17.73</td><td>3,221,691</td><td>19.52</td><td>2,816,599</td><td>21.36</td></tr><tr><td>Vested</td><td>(2,371,193)</td><td>36.34</td><td>(1,501,939)</td><td>36.67</td><td>(1,226,652)</td><td>38.53</td></tr><tr><td>Forfeited</td><td>(382,022)</td><td>23.26</td><td>(239,545)</td><td>28.34</td><td>(196,915)</td><td>35.74</td></tr><tr><td>Outstanding at end of period</td><td>13,154,605</td><td>22.59</td><td>10,518,344</td><td>28.21</td><td>9,038,137</td><td>32.72</td></tr></tbody></table>",59,normal,,C: 0.3-0.5
fintab_000127,medium,0.7616,0.894,2.158,"<table><thead><tr><th></th><th>September 27 ,</th><th>September 28,</th></tr></thead><tbody><tr><td></td><td>2014</td><td>2013</td></tr><tr><td></td><td>ASSETS:</td><td></td></tr><tr><td>Current assets:</td><td></td><td></td></tr><tr><td>Cash and cash equivalents</td><td>13,844</td><td>14,259</td></tr><tr><td>Short-term marketable securities</td><td>11,233</td><td>26,287</td></tr><tr><td>Accounts receivable, less allowances of S86 and $99, respectively</td><td>17,460</td><td>13,102</td></tr><tr><td>Inventories</td><td>2,111</td><td>1,764</td></tr><tr><td>Deferred tax assets</td><td>4,318</td><td>3,453</td></tr><tr><td>Vendor non-trade receivables</td><td>9,759</td><td>7,539</td></tr><tr><td>Other current assets</td><td>9,806</td><td>6,882</td></tr><tr><td>Total current assets</td><td>68,531</td><td>73,286</td></tr><tr><td>Long-term marketable securities</td><td>130,162</td><td>106,215</td></tr><tr><td>Property, plant and equipment, net</td><td>20,624</td><td>16,597</td></tr><tr><td>Goodwill</td><td>4,616</td><td>1,577</td></tr><tr><td>Acquired intangible assets, net</td><td>4,142</td><td>4,179</td></tr><tr><td>Other assets</td><td>3,764</td><td>5,146</td></tr><tr><td>Total assets</td><td>S 231,839</td><td>$ 207,000</td></tr><tr><td></td><td>LIABILITIES AND SHAREHOLDERS' EQUITY:</td><td></td></tr><tr><td>Current liabilities:</td><td></td><td></td></tr><tr><td>Accounts payable</td><td>30,196</td><td>22,367</td></tr><tr><td>Accrued expenses</td><td>18,453</td><td>13,856</td></tr><tr><td>Deferred revenue</td><td>8,491</td><td>7,435</td></tr><tr><td>Commercial paper</td><td>6,308</td><td></td></tr><tr><td>Total current liabilities</td><td>63,448</td><td>43,658</td></tr><tr><td>Deferred revenue non-current</td><td>3,031</td><td>2,625</td></tr><tr><td>Long-term debt</td><td>28,987</td><td>16,960</td></tr><tr><td>Other non-current liabilities</td><td>24,826</td><td>20,208</td></tr><tr><td>Total liabilities</td><td>120,292</td><td>83.451</td></tr><tr><td>Commitments and contingencies</td><td></td><td></td></tr><tr><td>Shareholders' equity:</td><td></td><td></td></tr><tr><td>Common stock and additional paid-in capital, $0.00001 par value; 12,600,000 shares authorized;</td><td></td><td></td></tr><tr><td>5,866,161 and 6,294,494 shares issued and outstanding, respectively</td><td>23,313</td><td>19,764</td></tr><tr><td>Retained earnings</td><td>87,152</td><td>104,256</td></tr><tr><td>Accumulated other comprehensive incomel(loss)</td><td>1,082</td><td>(471)</td></tr><tr><td>Total shareholders' equity</td><td>111,547</td><td>123,549</td></tr><tr><td>Total liabilities and shareholders' equity</td><td>231,839</td><td>207.000</td></tr></tbody></table>",94,normal,,D: 0.5-0.8
fintab_001273,medium,0.6364,0.7879,0.318,"<table><thead><tr><th></th><th colspan=""2""></th></tr></thead><tbody><tr><td></td><td colspan=""2""></td></tr><tr><td></td><td>2010</td><td>2009</td></tr><tr><td>Ordinary dividend</td><td>$2.519</td><td>S2.377</td></tr><tr><td>Ordinary dividend eligible for 159 tax rate</td><td>0.025</td><td>0.024</td></tr><tr><td>Return of capital</td><td>0.106</td><td>0.183</td></tr><tr><td>Capital gain</td><td></td><td>0.026</td></tr><tr><td></td><td>$2.650</td><td>S2.610</td></tr></tbody></table>",17,normal,,D: 0.5-0.8
fintab_000910,medium,0.5772,0.7967,1.258,"<table><thead><tr><th></th><th></th><th>2006</th><th></th><th></th><th>2005</th><th></th></tr></thead><tbody><tr><td></td><td></td><td></td><td>Before</td><td></td><td></td><td>Before</td></tr><tr><td></td><td>As</td><td>Syn. Fuel</td><td>Syn. Fuel</td><td>As</td><td>Syn: Fuel</td><td>Syn. Fuel</td></tr><tr><td>(S in millions)</td><td>Reported</td><td>Impact</td><td>Impact</td><td>Reported</td><td>Impact</td><td>Impact</td></tr><tr><td>Operating income (loss)</td><td>S1,011</td><td>s(76)</td><td>S1,087</td><td>$ 555</td><td>s(144)</td><td>$ 699</td></tr><tr><td>Gains and other income (expense)</td><td>59</td><td>(15)</td><td>74</td><td>181</td><td>32</td><td>149</td></tr><tr><td>Interest income; provision for loan losses and interest expense</td><td>(76)</td><td>(4)</td><td>(72)</td><td>(55)</td><td></td><td>(55)</td></tr><tr><td>Equity in earnings (losses)</td><td></td><td></td><td></td><td>36</td><td></td><td>36</td></tr><tr><td>Income (loss) before income taxes and minority interest</td><td>997</td><td>(95)</td><td>1,092</td><td>717</td><td>(112)</td><td>829</td></tr><tr><td>Tax (provision) benefit</td><td>(348)</td><td>32</td><td>(380)</td><td>(261)</td><td>23</td><td>(284)</td></tr><tr><td>Tax credits</td><td>62</td><td>62</td><td></td><td>167</td><td>167</td><td></td></tr><tr><td>Total tax (provision) benefit</td><td>(286)</td><td>94</td><td>(380)</td><td>(94)</td><td>190</td><td>(284)</td></tr><tr><td>Income from continuing operations before minority interest</td><td>711</td><td>(1)</td><td>712</td><td>623</td><td>78</td><td>545</td></tr><tr><td>Minority interest</td><td>6</td><td>6</td><td></td><td>45</td><td>47</td><td>(2)</td></tr><tr><td>Income from continuing operations</td><td>S 717</td><td>S 5</td><td>S 712</td><td>S 668</td><td>$ 125</td><td>$ 543</td></tr></tbody></table>",86,normal,,D: 0.5-0.8
fintab_000233,medium,0.7229,0.8193,1.044,"<table><thead><tr><th></th><th>Korea</th><th>Key Market Data</th><th></th></tr><tr><th></th><th></th><th>Full-Year</th><th></th></tr><tr><th></th><th></th><th></th><th>Change</th></tr></thead><tbody><tr><td></td><td>2017</td><td>2016</td><td>% Lpap</td></tr><tr><td>Total Market (billion units)</td><td>70.6</td><td>73.6</td><td>(4.1)%</td></tr><tr><td>PMI Shipments (million units)</td><td></td><td></td><td></td></tr><tr><td>Cigarettes</td><td>13,499</td><td>15,490</td><td>(12.9)%</td></tr><tr><td>Heated Tobacco Units</td><td>1,438</td><td></td><td>%</td></tr><tr><td>Total</td><td>14,937</td><td>15,490</td><td>(3.6)%</td></tr><tr><td>PMI Market Share</td><td></td><td></td><td></td></tr><tr><td>Marlboro</td><td>8.7%</td><td>9.6%</td><td>(0.9)</td></tr><tr><td>Parliament</td><td>8.0%</td><td>7.9%/</td><td>0.1</td></tr><tr><td>HEETS</td><td>2.0%</td><td></td><td>2.0</td></tr><tr><td>Virginia $</td><td>2.0%</td><td>3.0%/</td><td>(1.0)</td></tr><tr><td>Others</td><td>0.5%</td><td>0.5%</td><td></td></tr><tr><td>Total</td><td>21.2%</td><td>21.0%</td><td>0.2</td></tr></tbody></table>",46,nested_column,,D: 0.5-0.8
fintab_000068,extreme,0.1792,0.4682,1.393,"<table><thead><tr><th></th><th></th><th></th><th></th><th></th><th></th><th colspan=""4""></th><th></th><th></th><th></th><th></th><th></th><th></th></tr><tr><th></th><th></th><th>First Quarter</th><th></th><th></th><th colspan=""2""></th><th></th><th></th><th colspan=""2""></th><th></th><th></th><th colspan=""2""></th><th></th></tr></thead><tbody><tr><td></td><td>2009</td><td></td><td>2008</td><td></td><td>2009</td><td></td><td>2008</td><td></td><td>2009</td><td></td><td>2008</td><td></td><td>2009</td><td></td><td>2008</td></tr><tr><td>Total revenues</td><td>S1,325,602</td><td colspan=""2""></td><td colspan=""2""></td><td colspan=""2""></td><td colspan=""2""></td><td colspan=""2""></td><td colspan=""2""></td><td colspan=""2""></td></tr><tr><td>Operating income</td><td>44,253</td><td>$</td><td>137,568</td><td>$</td><td>55,062</td><td>S</td><td>168,950</td><td>$</td><td>306,841</td><td>$</td><td>461,907</td><td>S</td><td>82,355</td><td>$</td><td>63,559</td></tr><tr><td>Net income (loss)23</td><td>$ (36,238)</td><td>$</td><td>75,607</td><td>$</td><td>(35,086)</td><td>$</td><td>84,749</td><td>$</td><td>230,392</td><td>$</td><td>411,887</td><td>S</td><td>3,353</td><td>$</td><td>1,479</td></tr><tr><td>Earnings (Loss) per share:</td><td></td><td></td><td></td><td></td><td></td><td></td><td></td><td></td><td></td><td></td><td></td><td></td><td></td><td></td><td></td></tr><tr><td>Basic</td><td>5 (0.17)</td><td>S</td><td>0.35</td><td>$</td><td>(0.16)</td><td>S</td><td>0.40</td><td>$</td><td>1.08</td><td>$</td><td>1.93</td><td>S</td><td>0.02</td><td>$</td><td>0.01</td></tr><tr><td>Diluted</td><td>S (0.17)</td><td>S</td><td>0.35</td><td>$</td><td>(0.16)</td><td>S</td><td>0.40</td><td>$</td><td>1.07</td><td>$</td><td>1.92</td><td>S</td><td colspan=""2"">0.02 $</td><td>0.01</td></tr><tr><td>Dividends declared per</td><td></td><td></td><td></td><td></td><td></td><td></td><td></td><td></td><td></td><td></td><td></td><td></td><td></td><td></td><td></td></tr><tr><td>share</td><td></td><td>S</td><td colspan=""2""></td><td></td><td>S</td><td colspan=""2""></td><td></td><td>$</td><td colspan=""2""></td><td></td><td>$</td><td></td></tr></tbody></table>",95,nested_column,,B: <0.3
fintab_000260,medium,0.4677,0.7742,0.741,"<table><thead><tr><th></th><th>France Key Market Data</th><th></th><th></th></tr><tr><th></th><th>Full-Year</th><th></th><th></th></tr><tr><th></th><th></th><th colspan=""2""></th></tr></thead><tbody><tr><td></td><td>2046 2015</td><td>%</td><td>Lpp</td></tr><tr><td>Total Cigarette Market (billion units)</td><td>44.9 45.5</td><td></td><td>(1.2)%</td></tr><tr><td>PMI Cigarette Shipments (million units)</td><td>19,243 18,943</td><td></td><td>1.6 %</td></tr><tr><td>PMI Cigarette Market Share</td><td></td><td></td><td></td></tr><tr><td>Marlboro</td><td>26.4% 25.9%</td><td></td><td>0.</td></tr><tr><td>Philip Morris</td><td>10.2% 9.5%</td><td></td><td>0.7</td></tr><tr><td>Chesterfield</td><td>3.1% 3.3%</td><td></td><td>(0.2)</td></tr><tr><td>Others</td><td>2.7% 2.9%/</td><td></td><td>(0.2)</td></tr><tr><td>Total</td><td>42.4% 41.6%</td><td></td><td>0.8</td></tr></tbody></table>",28,nested_column,,C: 0.3-0.5
fintab_000324,medium,0.3918,0.6804,0.935,"<table><thead><tr><th></th><th>2015</th><th></th><th>2014</th><th></th><th>2013</th><th></th></tr></thead><tbody><tr><td></td><td>Postretirement</td><td>Pension</td><td>Postretirement</td><td>Pension</td><td>Postretirement</td><td>Pension</td></tr><tr><td>Year ended December 31 (in millions)</td><td>Benefits</td><td>Benefits</td><td>Benefits</td><td>Benefits</td><td>Benefits</td><td>Benefits</td></tr><tr><td>Benefit obligation</td><td>$ 197</td><td>S 309</td><td>209</td><td>581</td><td>158</td><td>498</td></tr><tr><td>Fair value of plan assetsla)</td><td></td><td></td><td></td><td>242</td><td></td><td>220</td></tr><tr><td>Plan funded status and recorded</td><td></td><td></td><td></td><td></td><td></td><td></td></tr><tr><td>benefit obligation</td><td>(197)</td><td>(309)</td><td>(209)</td><td>(339)</td><td>(158)</td><td>(278)</td></tr><tr><td>Portion of benefit obligation not</td><td>yet</td><td></td><td></td><td></td><td></td><td></td></tr><tr><td>recognized in benefits expense</td><td>(27)</td><td>14</td><td>(3)</td><td>53</td><td>(44)</td><td>(3)</td></tr><tr><td>Benefits expense</td><td>15</td><td>13</td><td>12</td><td>14</td><td>14</td><td>12</td></tr><tr><td>Discount rate</td><td colspan=""2""></td><td colspan=""2""></td><td>5.25%</td><td>4.50-5.25%</td></tr><tr><td>Expected return on plan assets</td><td>NIA</td><td>NIA</td><td>N/A</td><td>5.00%</td><td>NZA</td><td>5.00%</td></tr></tbody></table>",62,normal,,C: 0.3-0.5
fintab_000990,medium,0.7059,0.8529,0.728,"<table><thead><tr><th></th><th></th><th>Operating Income</th><th></th></tr></thead><tbody><tr><td>Fiscal year ended September 30,</td><td>2005</td><td>2004</td><td>2003</td></tr><tr><td>Pharmaceutical Distribution</td><td>S532,887</td><td>S748,625</td><td>S791,216</td></tr><tr><td>PharMerica</td><td>91,947</td><td>121,846</td><td>103,843</td></tr><tr><td>Facility consolidations, employee severance and other</td><td>(22,723)</td><td>(7,517)</td><td>(8,930)</td></tr><tr><td>Gain on litigation settlements</td><td>40,094</td><td>38,005</td><td></td></tr><tr><td>Impairment charge</td><td>(5,259)</td><td></td><td></td></tr><tr><td>Operating income</td><td>636,946</td><td>900,959</td><td>886,129</td></tr><tr><td>Other (income) loss</td><td>(990)</td><td>(6,236)</td><td>8,015</td></tr><tr><td>Interest expense, net</td><td>57,223</td><td>112,704</td><td>144,748</td></tr><tr><td>Loss on early retirement of debt</td><td>111,888</td><td>23,592</td><td>4,220</td></tr><tr><td>Income from continuing operations before taxes and cumulative effect of</td><td></td><td></td><td></td></tr><tr><td>change in accounting</td><td>S468,825</td><td>$770,899</td><td>S729,146</td></tr></tbody></table>",43,normal,,D: 0.5-0.8
fintab_001000,medium,0.7234,0.8511,0.641,"<table><thead><tr><th></th><th>December 31,</th><th></th></tr></thead><tbody><tr><td></td><td>2014</td><td>2013</td></tr><tr><td>Natural gas, liquids, crude oil and COz pipelines</td><td>18,119 S</td><td>17,399</td></tr><tr><td>Natural gas, liquids, COz, and terminals station equipment</td><td>21,233</td><td>17,960</td></tr><tr><td>Natural gas, liquids (including linefill), and transmix processing</td><td>520</td><td>259</td></tr><tr><td>Other</td><td>3,964</td><td>3,656</td></tr><tr><td>Accumulated depreciation, depletion and amortization</td><td>(8,369)</td><td>(6,757)</td></tr><tr><td></td><td>35,467</td><td>32,517</td></tr><tr><td>Land and land rights-of-way</td><td>1,324</td><td>1,158</td></tr><tr><td>Construction work in process</td><td>1,773</td><td>2,172</td></tr><tr><td>Property, plant and equipment, net</td><td>38,564 S</td><td>35,847</td></tr></tbody></table>",29,normal,,D: 0.5-0.8
fintab_000186,extreme,0.331,0.5563,1.269,"<table><thead><tr><th></th><th colspan=""2""></th><th colspan=""2""></th><th colspan=""2""></th><th colspan=""2""></th></tr><tr><th></th><th></th><th colspan=""7""></th></tr></thead><tbody><tr><td>2004</td><td></td><td></td><td></td><td></td><td></td><td></td><td></td><td></td></tr><tr><td>Net sales</td><td colspan=""2""></td><td colspan=""2""></td><td colspan=""2""></td><td colspan=""2""></td></tr><tr><td>Gross margin</td><td>S</td><td>634</td><td>S</td><td>559</td><td>S</td><td>530</td><td>$</td><td>536</td></tr><tr><td>Net income</td><td>S</td><td>106</td><td>S</td><td>61</td><td>S</td><td>46</td><td>S</td><td>63</td></tr><tr><td>Earnings per common share:</td><td></td><td></td><td></td><td></td><td></td><td></td><td></td><td></td></tr><tr><td>Basic</td><td>S</td><td>0.28</td><td>S</td><td>0.16</td><td>S</td><td>0.13</td><td>S</td><td>0.17</td></tr><tr><td>Diluted</td><td>S</td><td>0.26</td><td>S</td><td>0.16</td><td>S</td><td>0.12</td><td>S</td><td>0.17</td></tr><tr><td>2003</td><td></td><td></td><td></td><td></td><td></td><td></td><td></td><td></td></tr><tr><td>Net sales</td><td colspan=""2""></td><td colspan=""2""></td><td colspan=""2""></td><td colspan=""2""></td></tr><tr><td>Gross margin</td><td>S</td><td>456</td><td>S</td><td>428</td><td>S</td><td>418</td><td>S</td><td>406</td></tr><tr><td>Net income (loss)</td><td>S</td><td>44</td><td>S</td><td>19</td><td>S</td><td>14</td><td>S</td><td>(8)</td></tr><tr><td>Earnings (loss) per common share:</td><td></td><td></td><td></td><td></td><td></td><td></td><td></td><td></td></tr><tr><td>Basic</td><td>S</td><td>0.12</td><td>S</td><td>0.05</td><td>S</td><td>0.04</td><td colspan=""2""></td></tr><tr><td>Diluted</td><td colspan=""2""></td><td>S</td><td>0.05</td><td>S</td><td>0.04</td><td colspan=""2""></td></tr></tbody></table>",88,nested_column,,C: 0.3-0.5
fintab_001115,extreme,0.5067,0.7181,5.314,"<table><thead><tr><th></th><th></th><th></th><th>Balance Sheet</th><th></th></tr></thead><tbody><tr><td></td><td></td><td></td><td>December 31,2017</td><td></td></tr><tr><td></td><td></td><td>Standard &</td><td></td><td></td></tr><tr><td></td><td></td><td>Poor's Financial</td><td>Non-Guarantor</td><td>S&P Global Inc_</td></tr><tr><td>(in millions)</td><td>s&P Global Inc_</td><td>Services LLC</td><td>Subsidiaries Eliminations</td><td>Consolidated</td></tr><tr><td>ASSETS</td><td></td><td></td><td></td><td></td></tr><tr><td>Current assets:</td><td></td><td></td><td></td><td></td></tr><tr><td>Cash and cash equivalents</td><td>$ 632</td><td></td><td>2,147</td><td>$ 2,779</td></tr><tr><td>Accounts receivable, net of allowance for</td><td></td><td></td><td></td><td></td></tr><tr><td>doubtful accounts</td><td>138</td><td>152</td><td>1,029</td><td>1,319</td></tr><tr><td>Intercompany receivable</td><td>768</td><td>1,784</td><td>2,527 (5,079)</td><td></td></tr><tr><td>Prepaid and other current assets</td><td>143</td><td>(3)</td><td>86</td><td>226</td></tr><tr><td>Total current assets</td><td>1,681</td><td>1,933</td><td>5,789 (5,079)</td><td>4,324</td></tr><tr><td>Property and equipment; net of</td><td></td><td></td><td></td><td></td></tr><tr><td>accumulated depreciation</td><td>158</td><td>10</td><td>107</td><td>275</td></tr><tr><td>Goodwill</td><td>261</td><td></td><td>2,719</td><td>2,989</td></tr><tr><td>Other intangible assets, net</td><td></td><td></td><td>1,388</td><td>1,388</td></tr><tr><td>Investments in subsidiaries</td><td>8,364</td><td>5</td><td>8,028 (16,397)</td><td></td></tr><tr><td>Intercompany loans receivable</td><td>116</td><td></td><td>1,699 (1,815)</td><td></td></tr><tr><td>Other non-current assets</td><td>215</td><td>61</td><td>174 (1)</td><td>449</td></tr><tr><td>Total assets</td><td>$10,795</td><td>$2,009</td><td>$19,904 5(23,283)</td><td>$ 9,425</td></tr><tr><td>LIABILITIES AND EQUITY</td><td></td><td></td><td></td><td></td></tr><tr><td>Current liabilities:</td><td></td><td></td><td></td><td></td></tr><tr><td>Accounts payable</td><td>S 79</td><td>S 23</td><td>$ 93 S</td><td>S 195</td></tr><tr><td>Intercompany payable</td><td>3,433</td><td>492</td><td>1,154 (5,079)</td><td></td></tr><tr><td>Accrued compensation and contributions</td><td></td><td></td><td></td><td></td></tr><tr><td>to retirement plans</td><td>145</td><td>86</td><td>241</td><td>472</td></tr><tr><td>Short-term debt</td><td>399</td><td></td><td></td><td>399</td></tr><tr><td>Income taxes currently payable</td><td></td><td></td><td>75</td><td>77</td></tr><tr><td>Unearned revenue</td><td>293</td><td>193</td><td>1,127</td><td>1,613</td></tr><tr><td>Accrued legal settlements</td><td></td><td>2</td><td>105</td><td>107</td></tr><tr><td>Other current liabilities</td><td>136</td><td>21</td><td>194</td><td>351</td></tr><tr><td>Total current liabilities</td><td>4,487</td><td>817</td><td>2,989 (5,079)</td><td>3,214</td></tr><tr><td>Long-term debt</td><td>3,170</td><td></td><td></td><td>3,170</td></tr><tr><td>Intercompany loans payable</td><td>101</td><td></td><td>1,715 (1,816)</td><td></td></tr><tr><td>Pension and other postretirement benefits</td><td>180</td><td></td><td>64</td><td>244</td></tr><tr><td>Other non-current liabilities</td><td>376</td><td>74</td><td>229</td><td>679</td></tr><tr><td>Total liabilities</td><td>8,314</td><td>891</td><td>4,997 (6,895)</td><td>7,307</td></tr><tr><td>Redeemable noncontrolling interest</td><td></td><td></td><td>1,350</td><td>1,350</td></tr><tr><td>Equity:</td><td></td><td></td><td></td><td></td></tr><tr><td>Common stock</td><td>412</td><td></td><td>2,318 (2,318)</td><td>412</td></tr><tr><td>Additional paid-in capital</td><td>(216)</td><td>602</td><td>9,256 (9,117)</td><td>525</td></tr><tr><td>Retained income</td><td>12,156</td><td>516</td><td>3,782 (6,429)</td><td>10,025</td></tr><tr><td>Accumulated other comprehensive loss</td><td>(269)</td><td></td><td>(426) 46</td><td>(649)</td></tr><tr><td>Less: common stock in treasury</td><td>(9,602)</td><td></td><td>(23) 23</td><td>(9,602)</td></tr><tr><td>Total equity controlling interests</td><td>2,481</td><td>1,118</td><td>14,907 (17,795)</td><td>711</td></tr><tr><td>Total equity noncontrolling interests</td><td></td><td></td><td>57</td><td>57</td></tr><tr><td>Total equity</td><td>2,481</td><td>1,118</td><td>14,907 (17,738)</td><td>768</td></tr><tr><td>Total liabilities and equity</td><td>S10,795</td><td>$2,009</td><td>$19,904 S(23,283)</td><td>S 9,425</td></tr></tbody></table>",173,normal,,D: 0.5-0.8
fintab_000746,medium,0.3636,0.4545,0.421,<table><thead><tr><th></th><th>6.125% Senior Notes</th><th>5.50% Senior Notes</th><th>4.625% Senior Notes</th></tr></thead><tbody><tr><td>Aggregate principal issued and outstanding</td><td>S500 million</td><td>S750 million</td><td>S500 million</td></tr><tr><td>Maturity date</td><td>June 2018</td><td>October 2019</td><td>March 2020</td></tr><tr><td>Fixed interest rate per annum</td><td>6.125%</td><td>5.50%</td><td>4.625%</td></tr><tr><td>Interest payments</td><td>Semi-annually in arrears</td><td>Semi-annually in arrears in</td><td>Semi-annually in arrears in</td></tr><tr><td></td><td>in June and December</td><td>April and October</td><td>March and September</td></tr></tbody></table>,22,normal,,C: 0.3-0.5
fintab_000481,medium,0.6545,0.8,0.667,"<table><thead><tr><th></th><th>2004</th><th>2005</th></tr></thead><tbody><tr><td>Deferred tax liabilities</td><td></td><td></td></tr><tr><td>Arising from unrealized holding gains</td><td>S 22,322</td><td>S 26,1 108</td></tr><tr><td>Other</td><td>1,069</td><td>1,659</td></tr><tr><td></td><td>23,391</td><td>27,767</td></tr><tr><td>Deferred tax assets</td><td></td><td></td></tr><tr><td>Related to investment income</td><td>9,898</td><td>10,088</td></tr><tr><td>Related to property and equipment</td><td></td><td>5,268</td></tr><tr><td>Related to accrued compensation</td><td>6,435</td><td>4,957</td></tr><tr><td>Foreign net operating loss carryforwards that do not expire</td><td></td><td>3,799</td></tr><tr><td>Other</td><td>71</td><td></td></tr><tr><td></td><td>16,404</td><td>24,112</td></tr><tr><td>Net deferred tax liability</td><td>S 6,987</td><td>S 3,655</td></tr></tbody></table>",29,normal,,D: 0.5-0.8
fintab_000079,extreme,0.6989,0.8495,0.848,"<table><thead><tr><th></th><th></th><th colspan=""2""></th><th></th><th></th></tr><tr><th></th><th></th><th>Less than</th><th></th><th></th><th>More than</th></tr></thead><tbody><tr><td></td><td>Total</td><td>year</td><td>1-3 years</td><td>3-5 years</td><td>5 years</td></tr><tr><td>Operating Activities:</td><td></td><td></td><td></td><td></td><td></td></tr><tr><td>Operating lease obligations(2)</td><td>$ 418,250</td><td>53,688</td><td>$ 240,359</td><td>28,354</td><td>95,849</td></tr><tr><td>Interest on long-term debt()</td><td>1,616,899</td><td>335,689</td><td>578,546</td><td>255,369</td><td>447,295</td></tr><tr><td>Other(4)</td><td>660,705</td><td>159,255</td><td>227,711</td><td>106,597</td><td>167,142</td></tr><tr><td>Investing Activities:</td><td></td><td></td><td></td><td></td><td></td></tr><tr><td>Ship purchase obligations(s)</td><td>1,428,682</td><td>725,107</td><td>703,575</td><td></td><td></td></tr><tr><td>Financing Activities:</td><td></td><td></td><td></td><td></td><td></td></tr><tr><td>Long-term debt obligations )</td><td>9,091,470</td><td>1,190,477</td><td>2,552,766</td><td>2,512,077</td><td>2,836,150</td></tr><tr><td>Capital lease obligations()</td><td>58,646</td><td>8,452</td><td>12,332</td><td>4,107</td><td>33,755</td></tr><tr><td>Total</td><td>$13,274,652</td><td>$2,472,668</td><td>$4,315,289</td><td>$2,906,504</td><td>$3,580,191</td></tr></tbody></table>",51,nested_column,,D: 0.5-0.8
fintab_000922,medium,0.2157,0.7908,1.933,<table><thead><tr><th></th><th></th><th>RevPAR</th><th></th><th>Occupancy</th><th></th><th></th><th>Average Daily Rate</th><th></th></tr></thead><tbody><tr><td></td><td></td><td>2016 Change</td><td>VS. 2015</td><td>2016</td><td>Change vs: 2015</td><td></td><td>2016 Change</td><td>VS. 2015</td></tr><tr><td>JW Marriott</td><td>$</td><td>187.02</td><td>4.0 %</td><td>76.8 %</td><td>2.2 % pts_</td><td>S</td><td>243.57</td><td>1.1 %</td></tr><tr><td>The Ritz-Carlton</td><td>$</td><td>252.40</td><td>3.6 %</td><td>71.9 %</td><td>1.0 % pts_</td><td>$</td><td>350.99</td><td>2.2 %</td></tr><tr><td>W Hotels</td><td>$</td><td>239.94</td><td>(2.2)%</td><td>81.7 %</td><td>0.2 % pts_</td><td>S</td><td>293.82</td><td>(2.5)%</td></tr><tr><td>Composite North American Luxury</td><td>$</td><td>242.10</td><td>2.8 %</td><td>76.3%</td><td>1.4 % pts:</td><td>S</td><td>317.13</td><td>0.9 %</td></tr><tr><td>Marriott Hotels</td><td>$</td><td>144.94</td><td>2.4 %</td><td>75.4 %</td><td>0.7 % pts.</td><td>S</td><td>192.23</td><td>1.4 %</td></tr><tr><td>Sheraton</td><td>$</td><td>149.49</td><td>2.1 %</td><td>76.5 %</td><td>(0.5)% pts_</td><td>S</td><td>195.40</td><td>2.7 %</td></tr><tr><td>Westin</td><td>$</td><td>167.21</td><td>0.9 %</td><td>77.4%</td><td>(0.6)% pts.</td><td>S</td><td>216.07</td><td>1.7 %</td></tr><tr><td>Composite North American Upper Upscale</td><td>(2) S</td><td>149.92</td><td>2.33 %</td><td>76.1%</td><td>0.3 % pts:</td><td>S</td><td>196.98</td><td>1.8 %</td></tr><tr><td>North American Full-Service</td><td>$</td><td>166.97</td><td>2.4 %</td><td>76.2%</td><td>0.5 % pts:</td><td>S</td><td>219.25</td><td>1.7 %</td></tr><tr><td>Courtyard</td><td>$</td><td>103.65</td><td>2.2 %</td><td>73.1 %</td><td>0.3 % pts_</td><td>$</td><td>141.83</td><td>1.7 %</td></tr><tr><td>Residence Inn</td><td>$</td><td>118.14</td><td>3.8 %</td><td>79.0 %</td><td>0.6 % pts_</td><td>S</td><td>149.56</td><td>3.0 %</td></tr><tr><td>Composite North American Limited-Service</td><td>$</td><td>106.20</td><td>2.8 %</td><td>75.0%</td><td>0.5 % pts:</td><td>S</td><td>141.68</td><td>2.1 %</td></tr><tr><td>North American AII</td><td></td><td>147.48</td><td>25 %</td><td>75.8%</td><td>0.5 % pts:</td><td>S</td><td>194.64</td><td>1.8 %</td></tr></tbody></table>,125,normal,,B: <0.3
fintab_000093,medium,0.6061,0.7121,0.71,"<table><thead><tr><th></th><th>Swap Nationalas of</th><th></th><th></th><th></th><th></th></tr></thead><tbody><tr><td></td><td>December 3 2016</td><td></td><td></td><td></td><td>Alin Swap Fixed</td></tr><tr><td>Debt Instrument</td><td>@nthousands)</td><td>Maturity</td><td>Debt</td><td>Floating Rate</td><td>Rate</td></tr><tr><td>Celebrity Reflection term loan</td><td>436,333</td><td>October 2024</td><td>LIBOR plus</td><td>0.40%</td><td>2.85%</td></tr><tr><td>Quantum of the Seas term loan</td><td>612,500</td><td>October 2026</td><td>LIBOR plus</td><td>1.30%</td><td>3.74%</td></tr><tr><td>Anthem of the Seas term loan</td><td>634,375</td><td>April 2027</td><td>LIBOR plus</td><td>1.30%</td><td>3.86%</td></tr><tr><td>Ovation of the Seas term loan</td><td>795,417</td><td>April 2028</td><td>LIBOR plus</td><td>1.00%</td><td>3.16%</td></tr><tr><td>Harmony of the Seas term loan</td><td>701,056</td><td>May 2028</td><td>EURIBOR plus</td><td>1.15%</td><td>2.26%</td></tr><tr><td></td><td>3,179,681</td><td></td><td></td><td></td><td></td></tr></tbody></table>",40,normal,,D: 0.5-0.8
fintab_000411,medium,0.7179,0.8718,0.964,"<table><thead><tr><th></th><th></th><th>Fiscal Year Ended</th><th></th></tr></thead><tbody><tr><td></td><td>December 25_</td><td>December 27 .</td><td>December 28-</td></tr><tr><td></td><td>2004</td><td>2003</td><td>2002</td></tr><tr><td>Numerator (in thousands):</td><td></td><td></td><td></td></tr><tr><td>Numerator for basic and diluted</td><td></td><td></td><td></td></tr><tr><td>net income per share net income</td><td>S205,700</td><td>$178,634</td><td>S142,797</td></tr><tr><td>Denominator (in thousands):</td><td></td><td></td><td></td></tr><tr><td>Denominator for basic net income per share</td><td></td><td></td><td></td></tr><tr><td>weighted-average common shares</td><td>108,161</td><td>108,011</td><td>107,774</td></tr><tr><td>Effect of dilutive securities</td><td></td><td></td><td></td></tr><tr><td>employee stock options (note 11)</td><td>869</td><td>891</td><td>427</td></tr><tr><td>Denominator for diluted net income per share</td><td></td><td></td><td></td></tr><tr><td>adjusted weighted-average common shares</td><td>109,030</td><td>108,902</td><td>108,201</td></tr><tr><td>Basic net income per share</td><td>$1.90</td><td>S1.65</td><td>$1.32</td></tr><tr><td>Diluted net income per share</td><td>$1.89</td><td>S1.64</td><td>$1,32</td></tr></tbody></table>",37,normal,,D: 0.5-0.8
fintab_000672,extreme,0.4828,0.6034,0.473,"<table><thead><tr><th></th><th></th><th>Fair Value Measurements as of December 31. 2014</th></tr></thead><tbody><tr><td></td><td>Total</td><td>Level Level 2 Level 3</td></tr><tr><td>Short-term investments (1), (2):</td><td></td><td></td></tr><tr><td>Money market funds</td><td>789</td><td>789</td></tr><tr><td>Repurchase agreements</td><td>46</td><td>46</td></tr><tr><td>Corporate obligations</td><td>1,775</td><td>1,775</td></tr><tr><td>Bank notes Certificates of deposit Time deposits</td><td>680</td><td>680</td></tr><tr><td></td><td>3,290</td><td>789 2,501</td></tr><tr><td>Restricted cash and short term investments (1)</td><td>650</td><td>650</td></tr><tr><td>Total</td><td>S 3,940</td><td>1,439 2,501</td></tr></tbody></table>",24,normal,,C: 0.3-0.5
fintab_000955,medium,0.7971,0.8986,0.67,"<table><thead><tr><th></th><th></th><th>2013</th><th>2012</th><th></th></tr></thead><tbody><tr><td>in millions)</td><td>Amount</td><td>Ratio</td><td>Amount</td><td>Ratio</td></tr><tr><td>Tier I risk-based capital (to risk-weighted assets):</td><td></td><td></td><td></td><td></td></tr><tr><td>Fifth Third Bancorp (Consolidated)</td><td>$ 12,094</td><td>10.36%/</td><td>$ 11,685</td><td>10.65%/</td></tr><tr><td>Fifth Third Bank</td><td>13,245</td><td>11.52</td><td>12,145</td><td>11.28</td></tr><tr><td>Total risk-based capital (to risk-weighted assets)</td><td></td><td></td><td></td><td></td></tr><tr><td>Fifth Third Bancorp (Consolidated)</td><td>16,441</td><td>14.08</td><td>15,816</td><td>14.42</td></tr><tr><td>Fifth Third Bank</td><td>14,795</td><td>12.86</td><td>13,721</td><td>12.74</td></tr><tr><td>Tier [ leverage (to average assets):</td><td></td><td></td><td></td><td></td></tr><tr><td>Fifth Third Bancorp (Consolidated)</td><td>12,094</td><td>9.64</td><td>11,685</td><td>10.05</td></tr><tr><td>Fifth Third Bank</td><td>13,245</td><td>10.73</td><td>12,145</td><td>10.65</td></tr></tbody></table>",40,normal,,D: 0.5-0.8
fintab_000100,medium,0.6199,0.7661,1.936,"<table><thead><tr><th></th><th>2017</th><th></th><th>2016</th><th></th><th></th><th></th></tr></thead><tbody><tr><td></td><td>Carrying</td><td>Fair</td><td>Carrying</td><td>Fair</td><td>Fair Value</td><td></td></tr><tr><td>(Millions of dollars)</td><td>Amount</td><td>Value</td><td>Amount</td><td>Value</td><td>Levels</td><td>Reference</td></tr><tr><td>Assets at December 31,</td><td></td><td></td><td></td><td></td><td></td><td></td></tr><tr><td>Cash and short-term investments</td><td>S 8,261 $</td><td>8,261</td><td>7,168 S</td><td>7,168</td><td></td><td>Statement 3</td></tr><tr><td>Restricted cash and short-term investments</td><td>194</td><td>194</td><td>31</td><td>31</td><td></td><td>Statement 3</td></tr><tr><td>Investments in debt and equity securities</td><td>1,439</td><td>1,439</td><td>1,367</td><td>1,367</td><td>1,2 & 3</td><td>Notes 11 & 19</td></tr><tr><td>Finance receivables-net (excluding finance</td><td></td><td></td><td></td><td></td><td></td><td></td></tr><tr><td>leases')</td><td>15,452</td><td>15,438</td><td>16,172</td><td>16,056</td><td>3</td><td>Notes 6 & 19</td></tr><tr><td>Wholesale inventory receivables-net (excluding</td><td></td><td></td><td></td><td></td><td></td><td></td></tr><tr><td>finance leases"").</td><td>1,153</td><td>1,123</td><td>1,500</td><td>1,464</td><td></td><td>Notes 6 & 19</td></tr><tr><td>Interest rate swaps-net</td><td></td><td></td><td>3</td><td>3</td><td>2</td><td>Notes 3 & 19</td></tr><tr><td>Commodity contracts-net</td><td>21</td><td>21</td><td>10</td><td>10</td><td>2</td><td>Notes 3 & 19</td></tr><tr><td>Liabilities at December 31,</td><td></td><td></td><td></td><td></td><td></td><td></td></tr><tr><td>Short-term borrowings _</td><td>4,837</td><td>4,837</td><td>7,303</td><td>7,303</td><td></td><td>Note 13</td></tr><tr><td>Long-term debt (including amounts due within</td><td></td><td></td><td></td><td></td><td></td><td></td></tr><tr><td>one year):</td><td></td><td></td><td></td><td></td><td></td><td></td></tr><tr><td>Machinery; Energy Transportation</td><td>7,935</td><td>9,863</td><td>8,943</td><td>10,348</td><td>2</td><td>Note 14</td></tr><tr><td>Financial Products</td><td>22,106</td><td>22,230</td><td>20,537</td><td>20,724</td><td>2</td><td>Note 14</td></tr><tr><td>Foreign currency contracts-net</td><td>41</td><td>41</td><td>85</td><td>85</td><td>2</td><td>Notes 3 & 19</td></tr><tr><td>Guarantees</td><td>8</td><td>8</td><td>8</td><td>8</td><td>3</td><td>Note 21</td></tr></tbody></table>",98,normal,,D: 0.5-0.8
fintab_000580,medium,0.7619,0.8571,0.774,"<table><thead><tr><th></th><th></th><th>Year Ended December 31,</th><th></th></tr></thead><tbody><tr><td></td><td>2018</td><td>2017</td><td>2016</td></tr><tr><td></td><td></td><td>(Dollars in thousands)</td><td></td></tr><tr><td>Vascular North America</td><td>S 27,535</td><td>31,058 S</td><td>35,117</td></tr><tr><td>Interventional North America</td><td>34,127</td><td>29,108</td><td>6,993</td></tr><tr><td>Anesthesia North America</td><td>10,162</td><td>8,573</td><td>10,932</td></tr><tr><td>Surgical North America</td><td>8,321</td><td>8,694</td><td>10,459</td></tr><tr><td>EMEA</td><td>47,171</td><td>34,322</td><td>30,505</td></tr><tr><td>Asia</td><td>12,917</td><td>11,868</td><td>11,275</td></tr><tr><td>OEM</td><td>8,610</td><td>8,337</td><td>8,404</td></tr><tr><td>All other</td><td>65,871</td><td>28,378</td><td>14,661</td></tr><tr><td>Consolidated depreciation and amortization</td><td>S 214714 5</td><td>160,338 S</td><td>128,.346</td></tr></tbody></table>",41,normal,,D: 0.5-0.8
fintab_000973,extreme,0.5449,0.6886,1.645,"<table><thead><tr><th></th><th></th><th></th><th></th><th colspan=""2""></th><th></th><th></th><th></th><th></th></tr><tr><th></th><th></th><th></th><th></th><th></th><th>Accumulated</th><th></th><th></th><th></th><th>Allowance</th></tr><tr><th></th><th></th><th></th><th></th><th></th><th>Other</th><th></th><th></th><th>Book Value</th><th>for Loan</th></tr></thead><tbody><tr><td></td><td>Common Shares</td><td>Common Preferred</td><td>Capital</td><td>Retained</td><td>Comprehensive</td><td>Treasury</td><td></td><td>Per</td><td>and Lease</td></tr><tr><td>Year</td><td>Outstanding ()</td><td>Stock Stock</td><td>Surplus</td><td>Earnings</td><td>Income</td><td>Stock</td><td>Total</td><td>Share</td><td>Losses</td></tr><tr><td>2008</td><td>577,386,612</td><td>S1,295 S4,241</td><td>S848</td><td>S5,824</td><td>S98</td><td>S(229)</td><td>S12,077</td><td>S13.57</td><td>S2,787</td></tr><tr><td>2007</td><td>532,671,925</td><td>1,295</td><td>1,779</td><td>8,413</td><td>(126)</td><td>(2,209)</td><td>9,161</td><td>17.18</td><td>937</td></tr><tr><td>2006</td><td>556,252,674</td><td>1,295</td><td>1,812</td><td>8,317</td><td>(179)</td><td>(1,232)</td><td>10,022</td><td>18.00</td><td>771</td></tr><tr><td>2005</td><td>555,623,430</td><td>1,295</td><td>1,827</td><td>8,007</td><td>(413)</td><td>(1,279)</td><td>9,446</td><td>16.98</td><td>744</td></tr><tr><td>2004</td><td>557,648,989</td><td>1,295</td><td>1,934</td><td>7,269</td><td>(169)</td><td>(1,414)</td><td>8,924</td><td>15.99</td><td>713</td></tr><tr><td>2003</td><td>566,685,301</td><td>1,295 9</td><td>1,964</td><td>6,481</td><td>(120)</td><td>(962)</td><td>8,667</td><td>15.29</td><td>697</td></tr><tr><td>2002</td><td>574, 355,247</td><td>,295</td><td>2,010</td><td>5,465</td><td>369</td><td>(544)</td><td>8,604</td><td>14.98</td><td>683</td></tr><tr><td>2001</td><td>582,674,580</td><td>1,294</td><td>1,943</td><td>4,502</td><td></td><td></td><td>7,752</td><td>13.31</td><td>624</td></tr><tr><td>2000</td><td>569,056,843</td><td>1,263</td><td>1,454</td><td>3,982</td><td>28</td><td>(4</td><td>6,735</td><td>11.83</td><td>609</td></tr><tr><td>1999</td><td>565,425,468</td><td>1,255</td><td>1,090</td><td>3,551</td><td>(302)</td><td></td><td>5,603</td><td>9.91</td><td>573</td></tr></tbody></table>",121,nested_column,,D: 0.5-0.8
fintab_000865,medium,0.6071,0.6786,0.266,"<table><thead><tr><th></th><th></th><th>Years Ended December 31,</th><th></th></tr></thead><tbody><tr><td>(in millions)</td><td>2015</td><td>2014</td><td>2013 ()</td></tr><tr><td>Basic weighted-average shares outstanding</td><td>170.3</td><td>170.6</td><td>156.6</td></tr><tr><td>Effect of dilutive securities (2)</td><td>1.5</td><td>2.2</td><td>2.1</td></tr><tr><td>Diluted weighted-average shares outstanding</td><td>171.8</td><td>172.8</td><td>158.7</td></tr></tbody></table>",17,normal,,D: 0.5-0.8
fintab_000684,medium,0.7229,0.9277,0.844,"<table><thead><tr><th></th><th></th><th>Year Ended December 31,</th><th></th></tr></thead><tbody><tr><td></td><td>2014</td><td>2013</td><td>2012</td></tr><tr><td>Net income (loss)</td><td>S 2.882</td><td>S(1,834)</td><td>S(1,876)</td></tr><tr><td>Other comprehensive income (loss), before tax:</td><td></td><td></td><td></td></tr><tr><td>Defined benefit pension plans and retiree medical:</td><td></td><td></td><td></td></tr><tr><td>Amortization of actuarial gain (loss) and prior service cost</td><td>(163</td><td>(142)</td><td>130</td></tr><tr><td>Current year change</td><td>(2,633)</td><td>1,577</td><td>(1,910)</td></tr><tr><td>Benefit plan modifications</td><td></td><td></td><td>3,345</td></tr><tr><td>Derivative financial instruments:</td><td></td><td></td><td></td></tr><tr><td>Change in fair value</td><td>54</td><td>18</td><td>(12)</td></tr><tr><td>Reclassification into eamnings</td><td></td><td>34</td><td></td></tr><tr><td>Unrealized gain (loss) on investments:</td><td></td><td></td><td></td></tr><tr><td>Net change in value</td><td></td><td></td><td></td></tr><tr><td>Other comprehensive income (loss) before tax</td><td>(2,857)</td><td>1.486</td><td>1,553</td></tr><tr><td>Non-cash tax provision (benefit)</td><td>(330)</td><td>538</td><td>569</td></tr><tr><td>Comprehensive income (loss)</td><td>S 355</td><td>S  (886)</td><td>S (892)</td></tr></tbody></table>",41,normal,,D: 0.5-0.8
fintab_000358,extreme,0.5682,0.75,0.435,"<table><thead><tr><th></th><th></th><th colspan=""2"">Fiscal Year Ended December 30, 2006</th><th></th></tr></thead><tbody><tr><td></td><td></td><td>Quarter Ending</td><td></td><td></td></tr><tr><td></td><td>April 1</td><td>July 1</td><td>September 30</td><td>December 30</td></tr><tr><td>Net sales</td><td>S322,311</td><td>S432,468</td><td>S407,997</td><td>S611,224</td></tr><tr><td>Gross profit</td><td>162,790</td><td>216,284</td><td>198,860</td><td>304,452</td></tr><tr><td>Net income</td><td>87,516</td><td>123,286</td><td>122,978</td><td>180,343</td></tr><tr><td>Basic net income per share</td><td>SO.40</td><td>S0.57</td><td>S0.57</td><td>S0.84</td></tr></tbody></table>",26,normal,,D: 0.5-0.8
fintab_000165,extreme,0.2019,0.5,0.844,"<table><thead><tr><th></th><th></th><th colspan=""2""></th><th></th><th></th></tr></thead><tbody><tr><td></td><td>Less than 12 Months</td><td colspan=""2""></td><td></td><td>Total</td></tr><tr><td></td><td>Unrealized</td><td></td><td>Unrealized</td><td></td><td>Unrealized</td></tr><tr><td></td><td>Fair</td><td>Fair</td><td></td><td>Fair</td><td></td></tr><tr><td></td><td>Value Losses</td><td>Value</td><td>Losses</td><td>Value</td><td>Loss</td></tr><tr><td>Certificates of deposit and time deposits</td><td>$ 802</td><td>54</td><td></td><td>$ 856</td><td></td></tr><tr><td>Corporate securities</td><td>3,579</td><td>275</td><td></td><td>3,854</td><td></td></tr><tr><td>Municipal securities</td><td>298</td><td></td><td></td><td>298</td><td></td></tr><tr><td>Total</td><td>$4.679</td><td>329</td><td></td><td>85.008</td><td>(41)</td></tr><tr><td></td><td></td><td colspan=""2""></td><td></td><td></td></tr><tr><td></td><td>Less than [2 Months</td><td colspan=""2""></td><td></td><td>Total</td></tr><tr><td></td><td>Unrealized</td><td></td><td>Unrealized</td><td></td><td>Unrealized</td></tr><tr><td></td><td>Fair</td><td>Fair</td><td></td><td>Fair</td><td></td></tr><tr><td></td><td>Value Losses</td><td>Value</td><td>Losses</td><td>Value</td><td>Loss</td></tr><tr><td>Corporate securities</td><td>$1,667 $</td><td>(3) $ 719</td><td>$ (13)</td><td>82.386</td><td>$ (16)</td></tr></tbody></table>",52,normal,,B: <0.3
fintab_000447,medium,0.5946,0.7635,2.073,"<table><thead><tr><th></th><th></th><th>Year Ended December 31,</th><th></th></tr></thead><tbody><tr><td></td><td>2017</td><td>2016</td><td>2015</td></tr><tr><td>Numerator:</td><td></td><td></td><td></td></tr><tr><td>Basic:</td><td></td><td></td><td></td></tr><tr><td>Net income</td><td>S 423,201 S</td><td>184,189 S</td><td>121,102</td></tr><tr><td>Less: undistributed earnings allocated to participating</td><td></td><td></td><td></td></tr><tr><td>securities</td><td>(801)</td><td>(1,224)</td><td>(1,987)</td></tr><tr><td>Net income available to common stockholders, basic</td><td>422,400 S</td><td>182,965 S</td><td>119,115</td></tr><tr><td>Diluted:</td><td></td><td></td><td></td></tr><tr><td>Net income attributable to common stockholders, basic</td><td>422,400 S</td><td>182,965 S</td><td>119,115</td></tr><tr><td>Add: undistributed earnings allocated to participating</td><td></td><td></td><td></td></tr><tr><td>securities</td><td>68</td><td>74</td><td>149</td></tr><tr><td>Net income attributable to common stockholders,</td><td></td><td></td><td></td></tr><tr><td>diluted</td><td>422,468</td><td>183,039</td><td>119,264</td></tr><tr><td>Denominator:</td><td></td><td></td><td></td></tr><tr><td>Basic:</td><td></td><td></td><td></td></tr><tr><td>Weighted-average shares used in computing net income</td><td></td><td></td><td></td></tr><tr><td>per share available to common stockholders, basic</td><td>72,258</td><td>68,771</td><td>65,964</td></tr><tr><td>Diluted:</td><td></td><td></td><td></td></tr><tr><td>Weighted-average shares used in computing net income</td><td></td><td></td><td></td></tr><tr><td>per share available to common stockholders, basic</td><td>72,258</td><td>68,771</td><td>65,964</td></tr><tr><td>Add weighted-average effect of dilutive securities:</td><td></td><td></td><td></td></tr><tr><td>Stock options, RSUs and RSAs</td><td>6,599</td><td>4,408</td><td>5,363</td></tr><tr><td>Employee stock purchase plan</td><td>120</td><td>43</td><td>84</td></tr><tr><td>Weighted-average shares used in computing net income</td><td></td><td></td><td></td></tr><tr><td>per share available to common stockholders, diluted</td><td>78,977</td><td>73,222</td><td>71,411</td></tr><tr><td>Net income per share attributable to common stockholders:</td><td></td><td></td><td></td></tr><tr><td>Basic</td><td>5.85</td><td>2.66</td><td>1.81</td></tr><tr><td>Diluted</td><td>S 5.35 S</td><td>2.50 S</td><td>1.67</td></tr></tbody></table>",70,normal,,D: 0.5-0.8
fintab_001073,medium,0.8791,0.9451,1.31,"<table><thead><tr><th></th><th>December 31,</th><th></th></tr></thead><tbody><tr><td></td><td>2018</td><td>2017</td></tr><tr><td>Citrus Corporation</td><td>1,708 S</td><td>1,698</td></tr><tr><td>SNG</td><td>1,536</td><td>1,495</td></tr><tr><td>Ruby</td><td>750</td><td>774</td></tr><tr><td>NGPL Holdings LLC</td><td>733</td><td>687</td></tr><tr><td>Gulf LNG Holdings Group, LLC</td><td>361</td><td>461</td></tr><tr><td>Plantation Pipe Line Company</td><td>344</td><td>331</td></tr><tr><td>Utopia Holding LLC</td><td>333</td><td>276</td></tr><tr><td>EagleHawk</td><td>299</td><td>314</td></tr><tr><td>Gulf Coast Express Pipeline LLC</td><td>240</td><td></td></tr><tr><td>MEP</td><td>235</td><td>253</td></tr><tr><td>Red Cedar Gathering Company</td><td>191</td><td>187</td></tr><tr><td>Watco Companies, LLC</td><td>185</td><td>182</td></tr><tr><td>Double Eagle Pipeline LLC</td><td>140</td><td>149</td></tr><tr><td>Liberty Pipeline Group LLC</td><td>66</td><td>71</td></tr><tr><td>Bear Creek Storage</td><td>65</td><td>63</td></tr><tr><td>Sierrita Gas Pipeline LLC</td><td>55</td><td>55</td></tr><tr><td>Permian Highway Pipeline</td><td>45</td><td></td></tr><tr><td>FEP</td><td>44</td><td>112</td></tr><tr><td>All others</td><td>151</td><td>190</td></tr><tr><td>Total investments</td><td>7,481 S</td><td>7,298</td></tr></tbody></table>",61,normal,,E: >=0.8
fintab_000737,medium,0.6364,0.8182,0.172,"<table><thead><tr><th></th><th colspan=""2""></th></tr></thead><tbody><tr><td></td><td>2015</td><td>2014</td></tr><tr><td>Single-Dip Equity Obligations</td><td>S147</td><td>S248</td></tr><tr><td>Labor-related deemed claim</td><td>46</td><td>77</td></tr><tr><td>Total</td><td>S193</td><td>S325</td></tr></tbody></table>",12,normal,,D: 0.5-0.8
fintab_000473,extreme,0.4898,0.6531,0.414,"<table><thead><tr><th></th><th></th><th></th><th colspan=""3""></th><th></th></tr></thead><tbody><tr><td></td><td></td><td>2018</td><td>% of Total</td><td></td><td>2017</td><td>% of Total</td></tr><tr><td>Americas</td><td>S</td><td>1,550,453</td><td>72.1 %</td><td>S</td><td>1,192,289</td><td>72.4 %</td></tr><tr><td>Europe, Middle East and Africa</td><td></td><td>414,069</td><td>19.2</td><td></td><td>299,547</td><td>18.2</td></tr><tr><td>Asia-Pacific</td><td></td><td>186,847</td><td>8.7</td><td></td><td>154,350</td><td>9.4</td></tr><tr><td>Total revenue</td><td>S</td><td>2,151,369</td><td>100.0 %</td><td>S</td><td>1,646,186</td><td>100.0 %</td></tr></tbody></table>",29,normal,,C: 0.3-0.5
fintab_000578,medium,0.7229,0.8916,1.117,"<table><thead><tr><th></th><th>Year</th><th>Ended December 31,</th><th></th></tr></thead><tbody><tr><td></td><td>2018</td><td>2017</td><td>2016</td></tr><tr><td></td><td></td><td>(Dollars in thousands)</td><td></td></tr><tr><td>Net revenues (based on the Company's selling location):</td><td></td><td></td><td></td></tr><tr><td>United States</td><td>$ 1,449,426 $</td><td>1,254,825 S</td><td>1,018,786</td></tr><tr><td>Europe</td><td>671,264</td><td>591,370</td><td>567,320</td></tr><tr><td>Asia and Asia Pacific</td><td>234,090</td><td>220,110</td><td>208,841</td></tr><tr><td>All other</td><td>93,603</td><td>79,998</td><td>73,C 080</td></tr><tr><td></td><td>S 2,448,383 S</td><td>2,146,303 S</td><td>1,868,027</td></tr><tr><td>Net property; plant and equipment:</td><td></td><td></td><td></td></tr><tr><td>United States</td><td>S 258,415 $</td><td>216,568 S</td><td>167,167</td></tr><tr><td>Malaysia</td><td>51,952</td><td>43,730</td><td>31,415</td></tr><tr><td>Ireland</td><td>41,223</td><td>43,867</td><td>36,569</td></tr><tr><td>Czech Republic</td><td>34,833</td><td>35,715</td><td>30,843</td></tr><tr><td>All other</td><td>46,343</td><td>43,119</td><td>36,905</td></tr><tr><td></td><td>$ 432,766 $</td><td>382,999 S</td><td>302,899</td></tr></tbody></table>",50,normal,,D: 0.5-0.8
fintab_000056,medium,0.4681,0.6809,0.554,"<table><thead><tr><th></th><th></th><th colspan=""2"">Amount of Gain (Loss) Recognized</th></tr><tr><th></th><th>Location of Gain (Loss)</th><th>in Income on Derivative</th><th></th></tr><tr><th>Derivatives Not Designated as Hedging</th><th>Recognized in Income</th><th>Year Ended</th><th>Year Ended</th></tr></thead><tbody><tr><td>Instruments under ASC 815-20</td><td>on Derivative</td><td>December 31,2012</td><td>December 31, 2011</td></tr><tr><td>(in thousands)</td><td></td><td></td><td></td></tr><tr><td>Foreign currency forward contracts</td><td>Other income (expense)</td><td>$ 7,152</td><td>$ 4,633</td></tr><tr><td>Fuel swaps</td><td>Other income (expense)</td><td>(3,058)</td><td></td></tr><tr><td>Fuel call options</td><td>Other income (expense)</td><td>(5,613)</td><td>18,915</td></tr><tr><td></td><td></td><td>S(1,519)</td><td>S23,548</td></tr></tbody></table>",25,nested_column,,C: 0.3-0.5
fintab_000837,medium,0.5238,0.7857,0.445,"<table><thead><tr><th></th><th colspan=""2""></th><th>31,</th></tr></thead><tbody><tr><td></td><td>2013</td><td>2012</td><td>2011</td></tr><tr><td>Net income</td><td>S132.8</td><td>S119.0</td><td>S17.1</td></tr><tr><td>Reclassification of realized loss on interest rate swap agreements from accumulated</td><td></td><td></td><td></td></tr><tr><td>other comprehensive (loss) income to net income, net of tax</td><td></td><td></td><td>1.9</td></tr><tr><td>Foreign currency translation adjustment</td><td>(6.7)</td><td>25</td><td>(1.8)</td></tr><tr><td>Other comprehensive (loss) income, net of tax</td><td>(6.7)</td><td>2.5</td><td>0.1</td></tr><tr><td>Comprehensive income</td><td>S126.1</td><td>S121,.5</td><td>S17.2</td></tr></tbody></table>",24,normal,,D: 0.5-0.8
fintab_000205,medium,0.6825,0.7619,0.707,"<table><thead><tr><th></th><th>Japan</th><th>Key Market Data</th><th></th></tr><tr><th></th><th></th><th>Full-Year</th><th></th></tr><tr><th></th><th></th><th></th><th>Change</th></tr></thead><tbody><tr><td></td><td>2015</td><td>2014</td><td>% Lpp:</td></tr><tr><td>Total Cigarette Market (billion units)</td><td>182.3</td><td>186.2</td><td>(2.1)%</td></tr><tr><td>PMI Shipments (million units)</td><td>45,690</td><td>45,556</td><td>0.3 %</td></tr><tr><td>PMI Cigarette Market Share</td><td></td><td></td><td></td></tr><tr><td>Marlboro</td><td>11.3%</td><td>11.6%</td><td>(0.3)</td></tr><tr><td>Parliament</td><td>2.3%</td><td>2.2%/</td><td>0.1</td></tr><tr><td>Lark</td><td>9.9%</td><td>10.0%</td><td>(0.1)</td></tr><tr><td>Others</td><td>1.8%</td><td>2.1%</td><td>(0.3)</td></tr><tr><td>Total</td><td>25.3%</td><td>25.9%/</td><td>(0.6</td></tr></tbody></table>",36,nested_column,,D: 0.5-0.8
fintab_000577,medium,0.3667,0.4667,0.193,"<table><thead><tr><th></th><th>2018</th><th></th><th>2017</th><th></th><th>2016</th></tr></thead><tbody><tr><td></td><td></td><td colspan=""2""></td><td></td><td></td></tr><tr><td>Gross profit</td><td>1,384.4</td><td>S</td><td>1,171.8</td><td>S</td><td>996.2</td></tr><tr><td>Percentage of revenues</td><td>56.5%</td><td></td><td>54.6%</td><td></td><td>53.3%</td></tr></tbody></table>",14,normal,,C: 0.3-0.5
fintab_000697,medium,0.8446,0.9689,2.715,"<table><thead><tr><th></th><th></th><th>Year Ended December 34_</th><th></th></tr></thead><tbody><tr><td></td><td>2015</td><td>2014</td><td>2013</td></tr><tr><td>Operating revenues:</td><td></td><td></td><td></td></tr><tr><td>Mainline passenger</td><td>S 29,037</td><td>$ 30,802</td><td>$20,218</td></tr><tr><td>Regional passenger</td><td>6,475</td><td>6,322</td><td>3,131</td></tr><tr><td>Cargo</td><td>760</td><td>875</td><td>685</td></tr><tr><td>Other</td><td>4,718</td><td>4,651</td><td>2,709</td></tr><tr><td>Total operating revenues</td><td>40,990</td><td>42,650</td><td>26,743</td></tr><tr><td>Operating expenses:</td><td></td><td></td><td></td></tr><tr><td>Aircraft fuel and related taxes</td><td>6,226</td><td>10,592</td><td>7,839</td></tr><tr><td>Salaries, wages and benefits</td><td>9,524</td><td>8,508</td><td>5,460</td></tr><tr><td>Regional expenses</td><td>5,983</td><td>6,516</td><td>3,326</td></tr><tr><td>Maintenance, materials and repairs</td><td>1,889</td><td>2,051</td><td>1,260</td></tr><tr><td>Other rent and landing fees</td><td>1,731</td><td>1,727</td><td>1,152</td></tr><tr><td>Aircraft rent</td><td>1,250</td><td>1,250</td><td>768</td></tr><tr><td>Selling expenses</td><td>1,394</td><td>1,544</td><td>1,158</td></tr><tr><td>Depreciation and amortization</td><td>1,364</td><td>1,295</td><td>853</td></tr><tr><td>Special items, net</td><td>1,051</td><td>800</td><td>559</td></tr><tr><td>Other</td><td>4,374</td><td>4,118</td><td>2969</td></tr><tr><td>Total operating expenses</td><td>34,786</td><td>38,401</td><td>25,344</td></tr><tr><td>Operating income</td><td>6,204</td><td>4,249</td><td>1,399</td></tr><tr><td>Nonoperating income (expense):</td><td></td><td></td><td></td></tr><tr><td>Interest income</td><td>39</td><td>31</td><td>20</td></tr><tr><td>Interest expense, net of capitalized interest</td><td>(880)</td><td>(887)</td><td>856)</td></tr><tr><td>Other; net</td><td>(747)</td><td>(181)</td><td>(88</td></tr><tr><td>Total nonoperating expense, net</td><td>(1,588)</td><td>(L,037)</td><td>(924)</td></tr><tr><td>Income before reorganization items, net</td><td>4,616</td><td>3,212</td><td>475</td></tr><tr><td>Reorganization items, net</td><td></td><td></td><td>(2655</td></tr><tr><td>Income (loss) before income taxes</td><td>4,616</td><td>3,212</td><td>(2,180)</td></tr><tr><td>Income tax provision (benefit)</td><td>(2,994)</td><td>330</td><td>(346)</td></tr><tr><td>Net income (loss)</td><td>S 7,610</td><td>2,882</td><td>$ (1,834)</td></tr><tr><td>Earnings (loss) per share:</td><td></td><td></td><td></td></tr><tr><td>Basic</td><td>11,39</td><td>4.02</td><td>(6.54)</td></tr><tr><td>Diluted</td><td>11.07</td><td>3.93</td><td>(6.54)</td></tr><tr><td>Weighted average shares Outstanding (in thousands):</td><td></td><td></td><td></td></tr><tr><td>Basic</td><td>668,393</td><td>717,456</td><td>280,213</td></tr><tr><td>Diluted</td><td>687,355</td><td>734,016</td><td>280.213</td></tr><tr><td>Cash dividends declared per common share</td><td>0.40</td><td>$ 0.20</td><td></td></tr></tbody></table>",130,normal,,E: >=0.8
fintab_000142,medium,0.787,0.9444,1.505,"<table><thead><tr><th></th><th></th><th>Years ended</th><th></th></tr></thead><tbody><tr><td></td><td>September 29, 2012</td><td>September 24, 2011</td><td>September 25, 2010</td></tr><tr><td>Net sales</td><td>S156,508</td><td>S108,249</td><td>S 65,225</td></tr><tr><td>Cost of sales</td><td>87,846</td><td>64,431</td><td>39,541</td></tr><tr><td>Gross margin</td><td>68,662</td><td>43,818</td><td>25,684</td></tr><tr><td>Operating expenses:</td><td></td><td></td><td></td></tr><tr><td>Research and development</td><td>3,381</td><td>2,429</td><td>1,782</td></tr><tr><td>Selling; general and administrative</td><td>10,040</td><td>7,599</td><td>5,517</td></tr><tr><td>Total operating expenses</td><td>13,421</td><td>10,028</td><td>7,299</td></tr><tr><td>Operating income</td><td>55,241</td><td>33,790</td><td>18,385</td></tr><tr><td>Other income/(expense) , net</td><td>522</td><td>415</td><td>155</td></tr><tr><td>Income before provision for income taxes</td><td>55,763</td><td>34,205</td><td>18,540</td></tr><tr><td>Provision for income taxes</td><td>14,030</td><td>8,283</td><td>4,527</td></tr><tr><td>Net income</td><td>41,733</td><td>25,922</td><td>14,013</td></tr><tr><td>Earnings per share:</td><td></td><td></td><td></td></tr><tr><td>Basic</td><td>S 44.64</td><td>28.05</td><td>15.41</td></tr><tr><td>Diluted</td><td>S 44.15</td><td>$ 27.68</td><td>S 15.15</td></tr><tr><td>Shares used in computing earnings per share:</td><td></td><td></td><td></td></tr><tr><td>Basic</td><td>934,818</td><td>924,258</td><td>909,461</td></tr><tr><td>Diluted</td><td>945,355</td><td>936,645</td><td>924,712</td></tr><tr><td>Cash dividends declared per common share</td><td>S 2.65</td><td>0.00</td><td>0.00</td></tr></tbody></table>",71,normal,,D: 0.5-0.8
fintab_000879,extreme,0.5125,0.675,0.686,"<table><thead><tr><th></th><th></th><th>Years Ended December 31,</th><th></th><th></th><th></th></tr></thead><tbody><tr><td></td><td>2014</td><td></td><td>2013</td><td></td><td></td></tr><tr><td></td><td></td><td></td><td></td><td></td><td>Percent Change</td></tr><tr><td></td><td>Dollars in</td><td>Operating</td><td>Dollars in</td><td>Operating</td><td>in Income</td></tr><tr><td></td><td>Millions</td><td>Margin</td><td>Millions</td><td>Margin</td><td>from Operations</td></tr><tr><td>Segments: (1)</td><td></td><td></td><td></td><td></td><td></td></tr><tr><td>Corporate</td><td>$ 439.8</td><td>6.8% S</td><td>363.3</td><td>6.1%</td><td>21.1%</td></tr><tr><td>Public</td><td>313.2</td><td>6.4</td><td>246.5</td><td>5.9</td><td>27.1</td></tr><tr><td>Other</td><td>32.9</td><td>4.6</td><td>27.2</td><td>4.2</td><td>20.9</td></tr><tr><td>Headquarters</td><td>(112.9)</td><td>nm*</td><td>(128.4)</td><td>nm*</td><td>12.0</td></tr><tr><td>Total Income from operations</td><td>673.0</td><td>5.6% S</td><td>508.6</td><td>4.7%/</td><td>32.3%</td></tr></tbody></table>",45,normal,,D: 0.5-0.8
fintab_000521,medium,0.3455,0.5273,0.362,"<table><thead><tr><th></th><th></th><th></th><th colspan=""3""></th></tr></thead><tbody><tr><td></td><td></td><td></td><td>2015</td><td></td><td>2014</td></tr><tr><td></td><td></td><td></td><td colspan=""2""></td><td></td></tr><tr><td>Beginning balance</td><td>January 1</td><td>S</td><td>33,433</td><td>S</td><td>20,313</td></tr><tr><td colspan=""2"">Initial estimate upon acquisition</td><td></td><td></td><td></td><td>20,538</td></tr><tr><td>Payment</td><td></td><td></td><td>(8,054)</td><td></td><td></td></tr><tr><td>Revaluations</td><td></td><td></td><td>(4,550)</td><td></td><td>(7,418)</td></tr><tr><td>Ending balance</td><td>December 31</td><td></td><td>20,829</td><td>S</td><td>33,433</td></tr></tbody></table>",22,normal,,C: 0.3-0.5
fintab_000407,medium,0.5128,0.6923,0.376,"<table><thead><tr><th></th><th>December 25,2004</th><th></th><th>December 27 , 2003</th><th></th></tr></thead><tbody><tr><td></td><td>Carrying</td><td>Fair</td><td>Carrying</td><td>Fair</td></tr><tr><td></td><td>Amount</td><td>Value</td><td>Amount</td><td>Value</td></tr><tr><td>Cash and cash equivalents</td><td>S249,909</td><td>S249,909</td><td>$274,329</td><td>S274,329</td></tr><tr><td>Restricted cash</td><td>1,457</td><td>1,457</td><td>1,602</td><td>1,602</td></tr><tr><td>Marketable securities</td><td>322,215</td><td>322,215</td><td>221,447</td><td>221,447</td></tr></tbody></table>",25,normal,,D: 0.5-0.8
fintab_000105,medium,0.1932,0.5227,1.04,"<table><thead><tr><th></th><th colspan=""2""></th><th colspan=""3""></th></tr></thead><tbody><tr><td></td><td></td><td>December 31 ,</td><td colspan=""2""></td><td></td></tr><tr><td>(millions of dollars)</td><td>2017</td><td>2016</td><td>2017</td><td></td><td>2016</td></tr><tr><td>Profit (Loss)</td><td></td><td></td><td></td><td></td><td></td></tr><tr><td>before taxes</td><td>$ 1,111</td><td>8(1,348)</td><td>$ 4,082</td><td>$</td><td>139</td></tr><tr><td>Restructuring costs</td><td>S 245</td><td>$ 395</td><td>$ 1,256</td><td colspan=""2""></td></tr><tr><td>Mark-to-market</td><td></td><td></td><td></td><td></td><td></td></tr><tr><td>losses</td><td>S 301</td><td>$ 985</td><td>S 301</td><td>$</td><td>985</td></tr><tr><td>Gain on sale of</td><td></td><td></td><td></td><td></td><td></td></tr><tr><td>equity investment</td><td>S</td><td>$</td><td>S (85)</td><td>$</td><td></td></tr><tr><td>Goodwill impairment</td><td>S</td><td>$ 595</td><td>S</td><td>$</td><td>595</td></tr><tr><td>Adjusted profit</td><td></td><td></td><td></td><td></td><td></td></tr><tr><td>before taxes</td><td>$ 1,657</td><td>$ 627</td><td>$ 5,554</td><td colspan=""2""></td></tr></tbody></table>",46,normal,,B: <0.3
fintab_001280,extreme,0.6075,0.7757,1.83,"<table><thead><tr><th>Item 1_ Business</th><th></th><th>3</th></tr></thead><tbody><tr><td>Item IA. Risk Factors</td><td></td><td>8</td></tr><tr><td>Item IB.</td><td>Unresolved Staff Comments</td><td>19</td></tr><tr><td>Item 2. Properties</td><td></td><td>19</td></tr><tr><td>Item 3. Legal Proceedings</td><td></td><td>28</td></tr><tr><td>Item 4_ [Removed</td><td>and Reserved]</td><td>28</td></tr><tr><td>PART II</td><td></td><td></td></tr><tr><td>Item 5.</td><td>Market for Our Common Equity and Related Shareholder Matters and Issuer Purchases of</td><td></td></tr><tr><td>Equity Securities</td><td></td><td>29</td></tr><tr><td>Item 6</td><td>Selected Financial Data</td><td>31</td></tr><tr><td>Item 7_</td><td>Management' $ Discussion and Analysis of Financial Condition and Results of Operations</td><td>33</td></tr><tr><td>Item 7A.</td><td>Quantitative and Qualitative Disclosures about Market Risk</td><td>58</td></tr><tr><td>Item 8_</td><td>Financial Statements and Supplementary Data</td><td>59</td></tr><tr><td>Item 9_</td><td>Changes In and Disagreements with Accountants on Accounting and Financial Disclosure</td><td>59</td></tr><tr><td>Item 9A</td><td>Controls and Procedures</td><td>59</td></tr><tr><td>Item 9B. Other Information</td><td></td><td>61</td></tr><tr><td>PART III</td><td></td><td></td></tr><tr><td>Item 10.</td><td>Trustees, Executive Officers and Corporate Governance</td><td>62</td></tr><tr><td>Item 11.</td><td>Executive Compensation</td><td>62</td></tr><tr><td>Item 12.</td><td>Security Ownership of Certain Beneficial Owners and Management and Related Shareholder</td><td></td></tr><tr><td>Matters</td><td></td><td>62</td></tr><tr><td>Item 13.</td><td>Certain Relationships and Related Transactions, and Trustee Independence</td><td>62</td></tr><tr><td>Item 14.</td><td>Principal Accountant Fees and Services</td><td>62</td></tr><tr><td>PART IV</td><td></td><td></td></tr><tr><td>Item 15.</td><td>Exhibits and Financial Statement Schedules</td><td>63</td></tr><tr><td>SIGNATURES</td><td></td><td>64</td></tr></tbody></table>",62,normal,,D: 0.5-0.8
fintab_000801,medium,0.5357,0.6429,0.221,<table><thead><tr><th></th><th></th><th>2016-2 EETCs</th><th></th></tr></thead><tbody><tr><td></td><td>Series AA</td><td>Series A</td><td>Series B</td></tr><tr><td>Aggregate principal issued</td><td>S567 million</td><td>S261 million</td><td>S227 million</td></tr><tr><td>Fixed interest rate per annum</td><td>3.20%</td><td>3.65%</td><td>4.375%</td></tr><tr><td>Maturity date</td><td>June 2028</td><td>June 2028</td><td>June 2024</td></tr></tbody></table>,16,normal,,D: 0.5-0.8
fintab_000385,medium,0.5614,0.8772,0.532,"<table><thead><tr><th></th><th colspan=""2"">Fiscal year ended December 30, 2006</th><th colspan=""2"">Fiscal year ended December 31,2005</th><th>Year over Year</th><th></th></tr></thead><tbody><tr><td></td><td>Net Sales</td><td>% of Revenues</td><td>Net Sales</td><td>% of Revenues</td><td>$ Change</td><td>% Change</td></tr><tr><td>Outdoor/Fitness</td><td>S285.362</td><td>16.1%7</td><td>S236.936</td><td>23.1%1</td><td>S48,426</td><td>20.4%</td></tr><tr><td>Marine</td><td>166,639</td><td>9.4%</td><td>158,262</td><td>15.4%1</td><td>8.377</td><td>5.3%</td></tr><tr><td>Automotive/Mobile</td><td>1,089.093</td><td>61.4%1</td><td>403,417</td><td>39.2%1</td><td>685.676</td><td>170.0%</td></tr><tr><td>Aviation</td><td>232,906</td><td>13.1%</td><td>229.158</td><td>22.3%</td><td>3,748</td><td>1.6%</td></tr><tr><td>Total</td><td>SL,774,000</td><td>100.0%]</td><td>SL.027.773</td><td>100.0%1</td><td>S746,227</td><td>72.6%/</td></tr></tbody></table>",44,normal,,D: 0.5-0.8
fintab_000267,medium,0.6053,0.8421,0.421,"<table><thead><tr><th></th><th>Pension</th><th></th><th colspan=""2"">Postretirement</th></tr></thead><tbody><tr><td>(in millions)</td><td>2017</td><td>2016</td><td>2017</td><td>2016</td></tr><tr><td>Other assets</td><td>S 47</td><td>S 33</td><td></td><td></td></tr><tr><td>Accrued liabilities employment costs</td><td>(26)</td><td>(23)</td><td>S (10)</td><td>S (10)</td></tr><tr><td>Long-term employment costs</td><td>(1,451)</td><td>(1,940)</td><td>(238)</td><td>(217)</td></tr><tr><td></td><td>S (1,430)</td><td>S (1,930)</td><td>$ (248)</td><td>$ (227)</td></tr></tbody></table>",24,normal,,D: 0.5-0.8
fintab_000543,medium,0.7414,0.8448,0.582,"<table><thead><tr><th></th><th>2017</th><th>2016</th><th>2015</th></tr></thead><tbody><tr><td></td><td></td><td>(Dollars in thousands)</td><td></td></tr><tr><td>Current:</td><td></td><td></td><td></td></tr><tr><td>Federal</td><td>S 133,621 S</td><td>2,344 S</td><td>(4,700)</td></tr><tr><td>State</td><td>5,213</td><td>5,230</td><td>2,377</td></tr><tr><td>Foreign</td><td>35,444</td><td>28,842</td><td>53,151</td></tr><tr><td>Deferred:</td><td></td><td></td><td></td></tr><tr><td>Federal</td><td>(258,247)</td><td>(25,141)</td><td>(35,750)</td></tr><tr><td>State</td><td>1,459</td><td>(1,837)</td><td>(5,012)</td></tr><tr><td>Foreign</td><td>212,158</td><td>(1,364)</td><td>(2,228)</td></tr><tr><td></td><td>S 129,648 S</td><td>8,074 S</td><td>7,838</td></tr></tbody></table>",33,normal,,D: 0.5-0.8
fintab_000248,medium,0.7059,0.7794,0.82,"<table><thead><tr><th></th><th>Russia</th><th>Key Market Data</th><th></th></tr><tr><th></th><th></th><th>Full-Year</th><th></th></tr><tr><th></th><th></th><th></th><th>Change</th></tr></thead><tbody><tr><td></td><td>2042</td><td>2016</td><td>% Lpyp</td></tr><tr><td>Total Market (billion units)</td><td>260.0</td><td>280.0</td><td>(7.2)%</td></tr><tr><td>PMI Shipments (million units)</td><td>72,417</td><td>79,706</td><td>(9.1)%</td></tr><tr><td>PMI Cigarette Market Share</td><td></td><td></td><td></td></tr><tr><td>Marlboro</td><td>1.5%</td><td>1.4%</td><td>0.1</td></tr><tr><td>Parliament</td><td>3.5%</td><td>3.8%</td><td>(0.3)</td></tr><tr><td>Bond Street</td><td>8.6%</td><td>8.4%/</td><td>0.</td></tr><tr><td>Philip Morris</td><td>4.3%</td><td>0.2%/</td><td>4.1</td></tr><tr><td>Others</td><td>9.2%</td><td>13.4%</td><td>(4.2)</td></tr><tr><td>Total</td><td>27.1%</td><td>27.2%</td><td>(0.1)</td></tr></tbody></table>",40,nested_column,,D: 0.5-0.8
fintab_000154,medium,0.3467,0.6667,1.003,"<table><thead><tr><th></th><th>Shares of Common Stock</th><th>Percent of Common Stock</th></tr><tr><th>Name of Beneficial Owner</th><th>Beneficially Owned(L)</th><th>Outstanding</th></tr></thead><tbody><tr><td>Fidelity Investments.</td><td>57,162,311(2)</td><td>6.65%</td></tr><tr><td>AllianceBernstein LP</td><td>48,637,731(3)</td><td>5.66%</td></tr><tr><td>Steven P. Jobs</td><td>5,546,451(4)</td><td></td></tr><tr><td>William V. Campbell</td><td>221,004(5)</td><td></td></tr><tr><td>Timothy D. Cook</td><td>12,597(6)</td><td>*</td></tr><tr><td>Millard $. Drexler</td><td>220,000(7)</td><td>*</td></tr><tr><td>Albert A. Gore, Jr.</td><td>60,000(8)</td><td>*</td></tr><tr><td>Ronald B. Johnson_</td><td>2,049,890(9)</td><td>*</td></tr><tr><td>Arthur D. Levinson</td><td>362,400(10)</td><td>*</td></tr><tr><td>Peter Oppenheimer</td><td>149,768(11)</td><td>*</td></tr><tr><td>Philip W. Schiller</td><td>256(12)</td><td>*</td></tr><tr><td>Eric E. Schmidt.</td><td>12,284(13_</td><td>*</td></tr><tr><td>Jerome B. York</td><td>80,000(14)</td><td></td></tr><tr><td>All current executive officers and directors as a group</td><td></td><td></td></tr><tr><td>(15 persons)</td><td>9,378,423015,</td><td>1.09%</td></tr></tbody></table>",45,nested_column,,C: 0.3-0.5
fintab_000659,medium,0.6923,0.8462,0.213,"<table><thead><tr><th></th><th colspan=""2""></th></tr></thead><tbody><tr><td></td><td>2014</td><td>2013</td></tr><tr><td>Airport Slots</td><td>S 310</td><td>S 277</td></tr><tr><td>Airport gate leasehold rights</td><td>138</td><td>155</td></tr><tr><td>Accumulated amortization</td><td>(376)</td><td>(375)</td></tr><tr><td>Total</td><td>S   72</td><td>S 57</td></tr></tbody></table>",15,normal,,D: 0.5-0.8
fintab_000077,medium,0.7273,0.7879,0.355,"<table><thead><tr><th></th><th></th><th>Year Ended December 31,</th><th></th></tr></thead><tbody><tr><td></td><td>2017</td><td>2016 (1)</td><td>2015</td></tr><tr><td>Passengers Carried</td><td>5,768,496</td><td>5,754,747</td><td>5,401,899</td></tr><tr><td>Passenger Cruise Days</td><td>40,033,527</td><td>40,250,557</td><td>38,523,060</td></tr><tr><td>APCD</td><td>36,930,939</td><td>37,844,644</td><td>36,6 646,€ 639</td></tr><tr><td>Occupancy</td><td>108.4%</td><td>106.4%</td><td>105.1%</td></tr></tbody></table>",20,normal,,D: 0.5-0.8
fintab_000764,medium,0.8364,0.9091,0.625,"<table><thead><tr><th></th><th>December 31, 2017</th><th></th></tr></thead><tbody><tr><td></td><td>Operating Leases</td><td>Capital Leases</td></tr><tr><td>2018</td><td>$ 2,555</td><td>S 126</td></tr><tr><td>2019</td><td>2,321</td><td>123</td></tr><tr><td>2020</td><td>2,096</td><td>120</td></tr><tr><td>2021</td><td>1,613</td><td>118</td></tr><tr><td>2022</td><td>1,394</td><td>122</td></tr><tr><td>2023 and thereafter</td><td>3,952</td><td>387</td></tr><tr><td>Total lease payments</td><td>813,931</td><td>996</td></tr><tr><td>Less: Imputed interest</td><td></td><td>(225)</td></tr><tr><td>Total lease obligations</td><td></td><td>771</td></tr><tr><td>Less: Current obligations</td><td></td><td>(78)</td></tr><tr><td>Long-term lease obligations</td><td></td><td>S 693</td></tr></tbody></table>",32,normal,,E: >=0.8
fintab_000741,extreme,0.1828,0.6237,0.877,"<table><thead><tr><th></th><th></th><th>Year Ended December 31. 2015</th><th></th></tr></thead><tbody><tr><td></td><td>American</td><td></td><td></td></tr><tr><td></td><td>Airlines</td><td></td><td></td></tr><tr><td></td><td>Group</td><td></td><td>American</td></tr><tr><td></td><td>(Parent</td><td>Non - Eliminations</td><td>Airlines</td></tr><tr><td></td><td>Company</td><td>Guarantor and</td><td>Group Inc</td></tr><tr><td></td><td>Only) American</td><td>Subsidiaries Reclassifications</td><td>Consolidated</td></tr><tr><td>Net income</td><td>S 7.610 $ 8,120</td><td>42 (8,162)</td><td>7,610</td></tr><tr><td>Other comprehensive income (loss):</td><td></td><td></td><td></td></tr><tr><td>Defined benefit pension plans and retiree medical:</td><td></td><td></td><td></td></tr><tr><td>Amortization of actuarial loss and prior service cost</td><td>(109</td><td></td><td>(108</td></tr><tr><td>Current year change</td><td>(51)</td><td></td><td>(51)</td></tr><tr><td>Derivative financial instruments:</td><td></td><td></td><td></td></tr><tr><td>Reclassification into eamnings</td><td></td><td></td><td></td></tr><tr><td>Unrealized loss on investments:</td><td></td><td></td><td></td></tr><tr><td>Net change in value</td><td></td><td></td><td></td></tr><tr><td>Total other comprehensive income (loss)</td><td>(175</td><td></td><td>(173</td></tr><tr><td>Total comprehensive income</td><td>S 7,610 $ 7,945</td><td>43 (8,161)</td><td>7,437</td></tr></tbody></table>",37,normal,,B: <0.3
fintab_000223,extreme,0.2697,0.5643,2.785,"<table><thead><tr><th></th><th></th><th></th><th></th><th colspan=""2""></th><th></th><th></th><th></th></tr></thead><tbody><tr><td>(in millions, except per share data)</td><td></td><td>Ist</td><td></td><td>2nd</td><td></td><td>3rd</td><td></td><td>4th</td></tr><tr><td>Net revenues</td><td>S</td><td>17,352</td><td>S</td><td>18,763</td><td>S</td><td>19,422</td><td>S</td><td>18,371</td></tr><tr><td>Gross profit</td><td>S</td><td>4,387</td><td>$</td><td>4,481</td><td>S</td><td>4,544</td><td>$</td><td>4,017</td></tr><tr><td>Net earnings attributable to PMI</td><td>S</td><td>1,795</td><td>S</td><td>1,887</td><td>S</td><td>1,942</td><td>S</td><td>1,249</td></tr><tr><td>Per share data:</td><td></td><td></td><td></td><td></td><td></td><td></td><td></td><td></td></tr><tr><td>Basic EPS</td><td>S</td><td>1.16</td><td>$</td><td>1.21</td><td>S</td><td>1.25</td><td>S</td><td>0.80</td></tr><tr><td>Diluted EPS</td><td>S</td><td>1.416</td><td>S</td><td>1.21</td><td>S</td><td>1,.25</td><td>S</td><td>0.80</td></tr><tr><td>Dividends declared</td><td>S</td><td>1.00</td><td>S</td><td>1.00</td><td>S</td><td>1.02</td><td>S</td><td>1.02</td></tr><tr><td>Market price:</td><td></td><td></td><td></td><td></td><td></td><td></td><td></td><td></td></tr><tr><td>High</td><td>S</td><td>85.29</td><td>$</td><td>86.91</td><td>S</td><td>86.51</td><td>$</td><td>90.27</td></tr><tr><td>Low</td><td>S</td><td>75.0</td><td>S</td><td>75.27</td><td>S</td><td>76.54</td><td>S</td><td>78.41</td></tr><tr><td></td><td></td><td></td><td></td><td colspan=""2""></td><td></td><td></td><td></td></tr><tr><td>(in millions, except per share data)</td><td></td><td>Ist</td><td></td><td>Znd</td><td></td><td>3rd</td><td></td><td>4th</td></tr><tr><td>Net revenues</td><td>S</td><td>17,779</td><td>S</td><td>21,051</td><td>S</td><td>21,335</td><td>S</td><td>19,941</td></tr><tr><td>Gross profit</td><td>S</td><td>4,543</td><td>S</td><td>5,101</td><td>S</td><td>5,122</td><td>S</td><td>4,565</td></tr><tr><td>Net earnings attributable to PMI</td><td>S</td><td>1,875</td><td>S</td><td>1,851</td><td>$</td><td>2,155</td><td>S</td><td>1,612</td></tr><tr><td>Per share data:</td><td></td><td></td><td></td><td></td><td></td><td></td><td></td><td></td></tr><tr><td>Basic EPS</td><td>S</td><td>1.18</td><td>S</td><td>1.17</td><td>S</td><td>1.38</td><td>S</td><td>1.03</td></tr><tr><td>Diluted EPS</td><td>S</td><td>1.18</td><td>S</td><td>1.17</td><td>S</td><td>1,38</td><td>S</td><td>1.03</td></tr><tr><td>Dividends declared</td><td>S</td><td>0.94</td><td>$</td><td>0.94</td><td>$</td><td>1,00</td><td>S</td><td>1.00</td></tr><tr><td>Market price:</td><td></td><td></td><td></td><td></td><td></td><td></td><td></td><td></td></tr><tr><td>High</td><td>S</td><td>87.20</td><td>S</td><td>91.63</td><td>S</td><td>86.85</td><td>S</td><td>90.25</td></tr><tr><td>Low</td><td>S</td><td>75.28</td><td>S</td><td>81.70</td><td>S</td><td>81.19</td><td>S</td><td>81.16</td></tr></tbody></table>",160,normal,,B: <0.3
fintab_000025,medium,0.8065,0.8387,0.313,"<table><thead><tr><th></th><th>As of</th><th></th></tr></thead><tbody><tr><td>Asset Category</td><td>March 31,2019</td><td>March 31, 2018</td></tr><tr><td>Equity securities</td><td>26%</td><td>25%</td></tr><tr><td>Debt securities</td><td>45%</td><td>53%</td></tr><tr><td>Alternatives</td><td>25%</td><td>18%</td></tr><tr><td>Cash and other</td><td>4%</td><td>4%</td></tr><tr><td>Total</td><td>100%</td><td>100%</td></tr></tbody></table>",19,normal,,E: >=0.8
fintab_000058,extreme,0.58,0.79,1.001,"<table><thead><tr><th></th><th></th><th colspan=""2""></th><th></th><th></th></tr><tr><th></th><th></th><th>Less Than</th><th></th><th></th><th>More Than</th></tr></thead><tbody><tr><td></td><td>Total</td><td>1 Year</td><td>1-3 Years</td><td>3-5 Years</td><td>5 Years</td></tr><tr><td>Operating Activities:</td><td></td><td></td><td></td><td></td><td></td></tr><tr><td>Operating lease obligations(z)</td><td>$ 630,948</td><td>$ 65,929</td><td>5 118,563</td><td>5 108,343</td><td>$ 338,113</td></tr><tr><td>Interest on long-term debt(3)</td><td>1,404,380</td><td>314,315</td><td>396,439</td><td>232,940</td><td>460,686</td></tr><tr><td>Other(4)</td><td>779,112</td><td>231,137</td><td>273,093</td><td>178,234</td><td>96,648</td></tr><tr><td>Investing Activities:</td><td></td><td></td><td></td><td></td><td></td></tr><tr><td>Ship purchase obligations(s)</td><td>2,896,826</td><td>242,391</td><td>1,609,550</td><td>1,044,885</td><td></td></tr><tr><td>Financing Activities:</td><td></td><td></td><td></td><td></td><td></td></tr><tr><td>Long-term debt obligations )</td><td>8,437,016</td><td>1,509,945</td><td>2,604,499</td><td>1,841,418</td><td>2,481,154</td></tr><tr><td>Capital lease obligations )</td><td>52,931</td><td>9,538</td><td>8,097</td><td>4,875</td><td>30,421</td></tr><tr><td>Other(8)</td><td>98,665</td><td>30,740</td><td>46,580</td><td>17,664</td><td>3,681</td></tr><tr><td>Total</td><td>S14,299,878</td><td>52,403,995</td><td>$5,056,821</td><td>53,428,359</td><td>53,410,703</td></tr></tbody></table>",58,nested_column,,D: 0.5-0.8
fintab_000416,medium,0.3478,0.5217,0.193,"<table><thead><tr><th></th><th>Year Ended December 31,</th><th>Change in</th></tr></thead><tbody><tr><td></td><td>2014 2013</td><td>%</td></tr><tr><td>Provision for income taxes</td><td>834,658 S15,815</td><td>S18,843 119.1%</td></tr><tr><td>Effective tax rate</td><td>28.5% 27.1%</td><td></td></tr></tbody></table>",9,normal,,C: 0.3-0.5
fintab_000402,extreme,0.1416,0.2478,4.163,"<table><thead><tr><th>GPSMAP 3000 series and</th><th></th></tr></thead><tbody><tr><td>3200 series</td><td></td></tr><tr><td colspan=""2"">(6 models)</td></tr><tr><td>and come in either a 10""</td><td>6"" or 5"" display. Garmin recently announced the addition of</td></tr><tr><td>the GPSMAP 3200</td><td>series of multifunction  displays for the Garmin Marine Network</td></tr><tr><td colspan=""2""></td></tr><tr><td>U.S  coastline, including Alaska and Hawaii:</td><td></td></tr><tr><td colspan=""2"">GDL 30 & 30A These weather data receivers deliver real-time XM</td></tr><tr><td colspan=""2""></td></tr><tr><td colspan=""2""></td></tr><tr><td colspan=""2"">GMR 20 & 40</td></tr><tr><td>series.</td><td></td></tr><tr><td>GSD 20, 21,and 22 This *black-box'</td><td>sounder interfaces with the GPSMAP 3000 and 3200 series as well as</td></tr><tr><td>certain other</td><td>Garmin   chartplotters  and enhances  their utility by providing the  depth</td></tr><tr><td>sounder and fish finder functions in</td><td>a remote mounted package. The GSD 21 and 22</td></tr><tr><td colspan=""2""></td></tr><tr><td>box sonar line.</td><td>The GSD 22 is Garmin $ first digital sonar:</td></tr><tr><td>GMS 10 The GMS 10 Network</td><td>Port   Expander is the ""nerve   center"" of the Garmin Marine</td></tr><tr><td>Network:</td><td>This 100-Mbit switch is designed to support the connection of multiple sensors</td></tr><tr><td colspan=""2""></td></tr><tr><td>10 allows users to gain</td><td>the benefit of ethernet-like data transfer speeds</td></tr><tr><td>Marine fixed-mount GPS/Chartplotter products:</td><td></td></tr><tr><td colspan=""2"">GPS126, 128 and 152</td></tr><tr><td>antenna for exposed installations.</td><td>GPS 152 has an internal database of U.S. cities and</td></tr><tr><td colspan=""2""></td></tr><tr><td>personal computer with MapSource CD-ROMs.</td><td></td></tr><tr><td>GPSMAP</td><td></td></tr><tr><td colspan=""2"">(14 models)</td></tr><tr><td>levels with varying features and</td><td>price points. Features available on different models</td></tr><tr><td>include a</td><td>variety of display sizes (ranging in size from 3.8"" to 10""), high-contrast LCD</td></tr><tr><td colspan=""2""></td></tr><tr><td colspan=""2""></td></tr><tr><td colspan=""2""></td></tr><tr><td>coastline with Garmin</td><td>S new BlueChart g2TM technology, 50-meter shoreline resolution</td></tr><tr><td colspan=""2""></td></tr><tr><td>interface with Garmin</td><td>s new CANet (Controller Area Network).</td></tr><tr><td>Sounder products:</td><td></td></tr><tr><td>Fishfinders</td><td></td></tr><tr><td>(10 models) Fishfinders feature DCG</td><td>and See-Thru technology; which aid fishermen in defining the</td></tr><tr><td colspan=""2""></td></tr><tr><td>different models include</td><td>color   displays and dual   frequency transducers for   optimal</td></tr><tr><td></td><td>10</td></tr></tbody></table>",63,normal,,B: <0.3
fintab_000275,extreme,0.5606,0.7121,0.525,"<table><thead><tr><th></th><th></th><th></th><th>ments Due</th><th></th><th></th></tr></thead><tbody><tr><td></td><td></td><td></td><td></td><td>2023 and</td><td></td></tr><tr><td></td><td>2018</td><td>2019-2020</td><td>2021-2022</td><td>Thereafter</td><td>Total</td></tr><tr><td>Long-term debt(a)</td><td>3,939</td><td>5,653</td><td>6,200</td><td>32,779</td><td>48,571</td></tr><tr><td>Capital leases(b)</td><td>35</td><td>34</td><td>64</td><td></td><td>134</td></tr><tr><td>Operating leases(c)</td><td>103</td><td>164</td><td>99</td><td>165</td><td>531</td></tr><tr><td>Purchase obligations(d)</td><td>1,558</td><td>1,251</td><td>446</td><td>439</td><td>3,694</td></tr><tr><td>Other long-term liabilities(e)</td><td>80</td><td>106</td><td>94</td><td>280</td><td>560</td></tr><tr><td>Total</td><td>5,715</td><td>7,208</td><td>6.903</td><td>33.664</td><td>53,.490</td></tr></tbody></table>",42,normal,,D: 0.5-0.8
